Time,WM1,WM2,WM3,WM4,WM5
11:26:56.854,0,0,0,0,0
11:26:56.854,1,0,0,0,0
11:26:57.366,1,0,0,0,0
11:26:57.366,0,0,0,0,0
11:26:57.867,0,0,0,0,0
11:26:57.867,1,0,0,0,0
11:26:58.378,1,0,0,0,0
11:26:58.378,0,0,0,0,0
11:26:58.892,0,0,0,0,0
11:26:58.892,1,0,0,0,0
11:26:59.403,1,0,0,0,0
11:26:59.403,0,0,0,0,0
11:26:59.917,0,0,0,0,0
11:26:59.917,1,0,0,0,0
11:27:00.418,1,0,0,0,0
11:27:00.418,0,0,0,0,0
11:27:00.929,0,0,0,0,0
11:27:00.929,1,0,0,0,0
11:27:01.428,1,0,0,0,0
11:27:01.428,0,0,0,0,0
11:27:01.929,0,0,0,0,0
11:27:01.929,1,0,0,0,0
11:27:02.440,1,0,0,0,0
11:27:02.440,0,0,0,0,0
11:27:02.952,0,0,0,0,0
11:27:02.952,1,0,0,0,0
11:27:03.451,1,0,0,0,0
11:27:03.451,0,0,0,0,0
11:27:03.953,0,0,0,0,0
11:27:03.953,1,0,0,0,0
11:27:04.454,1,0,0,0,0
11:27:04.454,0,0,0,0,0
11:27:04.970,0,0,0,0,0
11:27:04.970,1,0,0,0,0
11:27:05.483,1,0,0,0,0
11:27:05.483,0,0,0,0,0
11:27:05.982,0,0,0,0,0
11:27:05.982,1,0,0,0,0
11:27:06.497,1,0,0,0,0
11:27:06.497,0,0,0,0,0
11:27:07.011,0,0,0,0,0
11:27:07.011,1,0,0,0,0
11:27:07.542,1,0,0,0,0
11:27:07.542,0,0,0,0,0
11:27:08.055,0,0,0,0,0
11:27:08.055,1,0,0,0,0
11:27:08.557,1,0,0,0,0
11:27:08.557,0,0,0,0,0
11:27:09.069,0,0,0,0,0
11:27:09.069,1,0,0,0,0
11:27:09.572,1,0,0,0,0
11:27:09.572,0,0,0,0,0
11:27:10.073,0,0,0,0,0
11:27:10.073,1,0,0,0,0
11:27:10.576,1,0,0,0,0
11:27:10.576,0,0,0,0,0
11:27:11.084,0,0,0,0,0
11:27:11.084,1,0,0,0,0
11:27:11.598,1,0,0,0,0
11:27:11.598,0,0,0,0,0
11:27:12.099,0,0,0,0,0
11:27:12.099,1,0,0,0,0
11:27:12.600,1,0,0,0,0
11:27:12.600,0,0,0,0,0
11:27:13.115,0,0,0,0,0
11:27:13.115,1,0,0,0,0
11:27:13.628,1,0,0,0,0
11:27:13.628,0,0,0,0,0
11:27:14.129,0,0,0,0,0
11:27:14.129,1,0,0,0,0
11:27:14.629,1,0,0,0,0
11:27:14.629,0,0,0,0,0
11:27:15.144,0,0,0,0,0
11:27:15.144,1,0,0,0,0
11:27:15.645,1,0,0,0,0
11:27:15.645,0,0,0,0,0
11:27:16.152,0,0,0,0,0
11:27:16.152,1,0,0,0,0
11:27:16.658,1,0,0,0,0
11:27:16.658,0,0,0,0,0
11:27:17.172,0,0,0,0,0
11:27:17.172,1,0,0,0,0
11:27:17.673,1,0,0,0,0
11:27:17.673,0,0,0,0,0
11:27:18.179,0,0,0,0,0
11:27:18.179,1,0,0,0,0
11:27:18.678,1,0,0,0,0
11:27:18.678,0,0,0,0,0
11:27:19.202,0,0,0,0,0
11:27:19.202,1,0,0,0,0
11:27:19.714,1,0,0,0,0
11:27:19.714,0,0,0,0,0
11:27:20.215,0,0,0,0,0
11:27:20.215,1,0,0,0,0
11:27:20.728,1,0,0,0,0
11:27:20.728,0,0,0,0,0
11:27:21.240,0,0,0,0,0
11:27:21.240,1,0,0,0,0
11:27:21.754,1,0,0,0,0
11:27:21.754,0,0,0,0,0
11:27:22.254,0,0,0,0,0
11:27:22.254,1,0,0,0,0
11:27:22.821,1,0,0,0,0
11:27:22.821,0,0,0,0,0
11:27:23.330,0,0,0,0,0
11:27:23.330,1,0,0,0,0
11:27:23.842,1,0,0,0,0
11:27:23.842,0,0,0,0,0
11:27:24.343,0,0,0,0,0
11:27:24.343,1,0,0,0,0
11:27:24.857,1,0,0,0,0
11:27:24.857,0,0,0,0,0
11:27:25.371,0,0,0,0,0
11:27:25.371,1,0,0,0,0
11:27:25.870,1,0,0,0,0
11:27:25.870,0,0,0,0,0
11:27:26.385,0,0,0,0,0
11:27:26.385,1,0,0,0,0
11:27:26.885,1,0,0,0,0
11:27:26.885,0,0,0,0,0
11:27:27.399,0,0,0,0,0
11:27:27.399,1,0,0,0,0
11:27:27.909,1,0,0,0,0
11:27:27.909,0,0,0,0,0
11:27:28.410,0,0,0,0,0
11:27:28.410,1,0,0,0,0
11:27:28.911,1,0,0,0,0
11:27:28.911,0,0,0,0,0
11:27:29.422,0,0,0,0,0
11:27:29.422,1,0,0,0,0
11:27:29.935,1,0,0,0,0
11:27:29.935,0,0,0,0,0
11:27:30.461,0,0,0,0,0
11:27:30.461,1,0,0,0,0
11:27:30.964,1,0,0,0,0
11:27:30.964,0,0,0,0,0
11:27:31.465,0,0,0,0,0
11:27:31.465,1,0,0,0,0
11:27:31.964,1,0,0,0,0
11:27:31.964,0,0,0,0,0
11:27:32.474,0,0,0,0,0
11:27:32.474,1,0,0,0,0
11:27:33.006,1,0,0,0,0
11:27:33.006,0,0,0,0,0
11:27:33.520,0,0,0,0,0
11:27:33.520,1,0,0,0,0
11:27:34.032,1,0,0,0,0
11:27:34.032,0,0,0,0,0
11:27:34.532,0,0,0,0,0
11:27:34.532,1,0,0,0,0
11:27:35.042,1,0,0,0,0
11:27:35.042,0,0,0,0,0
11:27:35.560,0,0,0,0,0
11:27:35.560,1,0,0,0,0
11:27:36.071,1,0,0,0,0
11:27:36.071,0,0,0,0,0
11:27:36.586,0,0,0,0,0
11:27:36.586,1,0,0,0,0
11:27:37.100,1,0,0,0,0
11:27:37.100,0,0,0,0,0
11:27:37.602,0,0,0,0,0
11:27:37.602,1,0,0,0,0
11:27:38.122,1,0,0,0,0
11:27:38.122,0,0,0,0,0
11:27:38.634,0,0,0,0,0
11:27:38.634,1,0,0,0,0
11:27:39.148,1,0,0,0,0
11:27:39.148,0,0,0,0,0
11:27:39.648,0,0,0,0,0
11:27:39.648,1,0,0,0,0
11:27:40.163,1,0,0,0,0
11:27:40.163,0,0,0,0,0
11:27:40.679,0,0,0,0,0
11:27:40.679,1,0,0,0,0
11:27:41.189,1,0,0,0,0
11:27:41.189,0,0,0,0,0
11:27:41.690,0,0,0,0,0
11:27:41.690,1,0,0,0,0
11:27:42.190,1,0,0,0,0
11:27:42.190,0,0,0,0,0
11:27:42.691,0,0,0,0,0
11:27:42.691,1,0,0,0,0
11:27:43.219,1,0,0,0,0
11:27:43.219,0,0,0,0,0
11:27:43.719,0,0,0,0,0
11:27:43.719,1,0,0,0,0
11:27:44.220,1,0,0,0,0
11:27:44.220,0,0,0,0,0
11:27:44.734,0,0,0,0,0
11:27:44.734,1,0,0,0,0
11:27:45.247,1,0,0,0,0
11:27:45.247,0,0,0,0,0
11:27:45.770,0,0,0,0,0
11:27:45.770,1,0,0,0,0
11:27:46.274,1,0,0,0,0
11:27:46.274,0,0,0,0,0
11:27:46.788,0,0,0,0,0
11:27:46.788,1,0,0,0,0
11:27:47.301,1,0,0,0,0
11:27:47.301,0,0,0,0,0
11:27:47.813,0,0,0,0,0
11:27:47.813,1,0,0,0,0
11:27:48.325,1,0,0,0,0
11:27:48.325,0,0,0,0,0
11:27:48.828,0,0,0,0,0
11:27:48.828,1,0,0,0,0
11:27:49.340,1,0,0,0,0
11:27:49.340,0,0,0,0,0
11:27:49.840,0,0,0,0,0
11:27:49.840,1,0,0,0,0
11:27:50.349,1,0,0,0,0
11:27:50.349,0,0,0,0,0
11:27:50.850,0,0,0,0,0
11:27:50.850,1,0,0,0,0
11:27:51.360,1,0,0,0,0
11:27:51.360,0,0,0,0,0
11:27:51.863,0,0,0,0,0
11:27:51.863,1,0,0,0,0
11:27:52.375,1,0,0,0,0
11:27:52.375,0,0,0,0,0
11:27:52.885,0,0,0,0,0
11:27:52.885,1,0,0,0,0
11:27:53.386,1,0,0,0,0
11:27:53.386,0,0,0,0,0
11:27:53.949,0,0,0,0,0
11:27:53.949,1,0,0,0,0
11:27:54.512,1,0,0,0,0
11:27:54.512,0,0,0,0,0
11:27:55.015,0,0,0,0,0
11:27:55.015,1,0,0,0,0
11:27:55.525,1,0,0,0,0
11:27:55.525,0,0,0,0,0
11:27:56.030,0,0,0,0,0
11:27:56.030,1,0,0,0,0
11:27:56.530,1,0,0,0,0
11:27:56.530,0,0,0,0,0
11:27:57.030,0,0,0,0,0
11:27:57.030,1,0,0,0,0
11:27:57.571,1,0,0,0,0
11:27:57.571,0,0,0,0,0
11:27:58.073,0,0,0,0,0
11:27:58.073,1,0,0,0,0
11:27:58.576,1,0,0,0,0
11:27:58.576,0,0,0,0,0
11:27:59.076,0,0,0,0,0
11:27:59.076,1,0,0,0,0
11:27:59.586,1,0,0,0,0
11:27:59.586,0,0,0,0,0
11:28:00.131,0,0,0,0,0
11:28:00.131,1,0,0,0,0
11:28:00.631,1,0,0,0,0
11:28:00.631,0,0,0,0,0
11:28:01.135,0,0,0,0,0
11:28:01.135,1,0,0,0,0
11:28:01.642,1,0,0,0,0
11:28:01.642,0,0,0,0,0
11:28:02.148,0,0,0,0,0
11:28:02.148,1,0,0,0,0
11:28:02.671,1,0,0,0,0
11:28:02.671,0,0,0,0,0
11:28:03.171,0,0,0,0,0
11:28:03.171,1,0,0,0,0
11:28:03.685,1,0,0,0,0
11:28:03.685,0,0,0,0,0
11:28:04.198,0,0,0,0,0
11:28:04.198,1,0,0,0,0
11:28:04.700,1,0,0,0,0
11:28:04.700,0,0,0,0,0
11:28:05.216,0,0,0,0,0
11:28:05.216,1,0,0,0,0
11:28:05.727,1,0,0,0,0
11:28:05.727,0,0,0,0,0
11:28:06.226,0,0,0,0,0
11:28:06.226,1,0,0,0,0
11:28:06.737,1,0,0,0,0
11:28:06.737,0,0,0,0,0
11:28:07.237,0,0,0,0,0
11:28:07.237,1,0,0,0,0
11:28:07.752,1,0,0,0,0
11:28:07.752,0,0,0,0,0
11:28:08.261,0,0,0,0,0
11:28:08.261,1,0,0,0,0
11:28:08.778,1,0,0,0,0
11:28:08.778,0,0,0,0,0
11:28:09.292,0,0,0,0,0
11:28:09.292,1,0,0,0,0
11:28:09.792,1,0,0,0,0
11:28:09.792,0,0,0,0,0
11:28:10.305,0,0,0,0,0
11:28:10.305,1,0,0,0,0
11:28:10.817,1,0,0,0,0
11:28:10.817,0,0,0,0,0
11:28:11.325,0,0,0,0,0
11:28:11.325,1,0,0,0,0
11:28:11.827,1,0,0,0,0
11:28:11.827,0,0,0,0,0
11:28:12.326,0,0,0,0,0
11:28:12.326,1,0,0,0,0
11:28:12.841,1,0,0,0,0
11:28:12.841,0,0,0,0,0
11:28:13.356,0,0,0,0,0
11:28:13.356,1,0,0,0,0
11:28:13.858,1,0,0,0,0
11:28:13.858,0,0,0,0,0
11:28:14.359,0,0,0,0,0
11:28:14.359,1,0,0,0,0
11:28:14.897,1,0,0,0,0
11:28:14.897,0,0,0,0,0
11:28:15.403,0,0,0,0,0
11:28:15.403,1,0,0,0,0
11:28:15.915,1,0,0,0,0
11:28:15.915,0,0,0,0,0
11:28:16.415,0,0,0,0,0
11:28:16.415,1,0,0,0,0
11:28:16.929,1,0,0,0,0
11:28:16.929,0,0,0,0,0
11:28:17.475,0,0,0,0,0
11:28:17.475,1,0,0,0,0
11:28:17.982,1,0,0,0,0
11:28:17.982,0,0,0,0,0
11:28:18.491,0,0,0,0,0
11:28:18.491,1,0,0,0,0
11:28:19.006,1,0,0,0,0
11:28:19.006,0,0,0,0,0
11:28:19.519,0,0,0,0,0
11:28:19.519,1,0,0,0,0
11:28:20.060,1,0,0,0,0
11:28:20.060,0,0,0,0,0
11:28:20.565,0,0,0,0,0
11:28:20.565,1,0,0,0,0
11:28:21.080,1,0,0,0,0
11:28:21.080,0,0,0,0,0
11:28:21.583,0,0,0,0,0
11:28:21.583,1,0,0,0,0
11:28:22.085,1,0,0,0,0
11:28:22.085,0,0,0,0,0
11:28:22.609,0,0,0,0,0
11:28:22.609,1,0,0,0,0
11:28:23.218,1,0,0,0,0
11:28:23.218,0,0,0,0,0
11:28:23.731,0,0,0,0,0
11:28:23.731,1,0,0,0,0
11:28:24.245,1,0,0,0,0
11:28:24.245,0,0,0,0,0
11:28:24.760,0,0,0,0,0
11:28:24.760,1,0,0,0,0
11:28:25.262,1,0,0,0,0
11:28:25.262,0,0,0,0,0
11:28:25.774,0,0,0,0,0
11:28:25.774,1,0,0,0,0
11:28:26.275,1,0,0,0,0
11:28:26.275,0,0,0,0,0
11:28:26.873,0,0,0,0,0
11:28:26.873,1,0,0,0,0
11:28:27.383,1,0,0,0,0
11:28:27.383,0,0,0,0,0
11:28:27.890,0,0,0,0,0
11:28:27.890,1,0,0,0,0
11:28:28.392,1,0,0,0,0
11:28:28.392,0,0,0,0,0
11:28:28.904,0,0,0,0,0
11:28:28.904,1,0,0,0,0
11:28:29.416,1,0,0,0,0
11:28:29.416,0,0,0,0,0
11:28:30.039,0,0,0,0,0
11:28:30.039,1,0,0,0,0
11:28:30.554,1,0,0,0,0
11:28:30.554,0,0,0,0,0
11:28:31.068,0,0,0,0,0
11:28:31.068,1,0,0,0,0
11:28:31.570,1,0,0,0,0
11:28:31.570,0,0,0,0,0
11:28:32.084,0,0,0,0,0
11:28:32.084,1,0,0,0,0
11:28:32.598,1,0,0,0,0
11:28:32.598,0,0,0,0,0
11:28:33.149,0,0,0,0,0
11:28:33.149,1,0,0,0,0
11:28:33.749,1,0,0,0,0
11:28:33.749,0,0,0,0,0
11:28:34.250,0,0,0,0,0
11:28:34.250,1,0,0,0,0
11:28:34.762,1,0,0,0,0
11:28:34.762,0,0,0,0,0
11:28:35.273,0,0,0,0,0
11:28:35.273,1,0,0,0,0
11:28:35.774,1,0,0,0,0
11:28:35.774,0,0,0,0,0
11:28:36.285,0,0,0,0,0
11:28:36.285,1,0,0,0,0
11:28:36.791,1,0,0,0,0
11:28:36.791,0,0,0,0,0
11:28:37.332,0,0,0,0,0
11:28:37.332,1,0,0,0,0
11:28:37.953,1,0,0,0,0
11:28:37.953,0,0,0,0,0
11:28:38.458,0,0,0,0,0
11:28:38.458,1,0,0,0,0
11:28:38.962,1,0,0,0,0
11:28:38.962,0,0,0,0,0
11:28:39.465,0,0,0,0,0
11:28:39.465,1,0,0,0,0
11:28:39.966,1,0,0,0,0
11:28:39.966,0,0,0,0,0
11:28:40.480,0,0,0,0,0
11:28:40.480,1,0,0,0,0
11:28:40.982,1,0,0,0,0
11:28:40.982,0,0,0,0,0
11:28:41.501,0,0,0,0,0
11:28:41.501,1,0,0,0,0
11:28:42.098,1,0,0,0,0
11:28:42.098,0,0,0,0,0
11:28:42.603,0,0,0,0,0
11:28:42.603,1,0,0,0,0
11:28:43.118,1,0,0,0,0
11:28:43.118,0,0,0,0,0
11:28:43.618,0,0,0,0,0
11:28:43.618,1,0,0,0,0
11:28:44.131,1,0,0,0,0
11:28:44.131,0,0,0,0,0
11:28:44.645,0,0,0,0,0
11:28:44.645,1,0,0,0,0
11:28:45.146,1,0,0,0,0
11:28:45.146,0,0,0,0,0
11:28:45.685,0,0,0,0,0
11:28:45.685,1,0,0,0,0
11:28:46.284,1,0,0,0,0
11:28:46.284,0,0,0,0,0
11:28:46.798,0,0,0,0,0
11:28:46.798,1,0,0,0,0
11:28:47.312,1,0,0,0,0
11:28:47.312,0,0,0,0,0
11:28:47.815,0,0,0,0,0
11:28:47.815,1,0,0,0,0
11:28:48.329,1,0,0,0,0
11:28:48.329,0,0,0,0,0
11:28:48.874,0,0,0,0,0
11:28:48.874,1,0,0,0,0
11:28:49.467,1,0,0,0,0
11:28:49.467,0,0,0,0,0
11:28:49.980,0,0,0,0,0
11:28:49.980,1,0,0,0,0
11:28:50.481,1,0,0,0,0
11:28:50.481,0,0,0,0,0
11:28:50.996,0,0,0,0,0
11:28:50.996,1,0,0,0,0
11:28:51.498,1,0,0,0,0
11:28:51.498,0,0,0,0,0
11:28:52.049,0,0,0,0,0
11:28:52.049,1,0,0,0,0
11:28:52.653,1,0,0,0,0
11:28:52.653,0,0,0,0,0
11:28:53.157,0,0,0,0,0
11:28:53.157,1,0,0,0,0
11:28:53.672,1,0,0,0,0
11:28:53.672,0,0,0,0,0
11:28:54.184,0,0,0,0,0
11:28:54.184,1,0,0,0,0
11:28:54.685,1,0,0,0,0
11:28:54.685,0,0,0,0,0
11:28:55.199,0,0,0,0,0
11:28:55.199,1,0,0,0,0
11:28:55.718,1,0,0,0,0
11:28:55.718,0,0,0,0,0
11:28:56.329,0,0,0,0,0
11:28:56.329,1,0,0,0,0
11:28:56.833,1,0,0,0,0
11:28:56.833,0,0,0,0,0
11:28:57.335,0,0,0,0,0
11:28:57.335,1,0,0,0,0
11:28:57.836,1,0,0,0,0
11:28:57.836,0,0,0,0,0
11:28:58.355,0,0,0,0,0
11:28:58.355,1,0,0,0,0
11:28:58.866,1,0,0,0,0
11:28:58.866,0,0,0,0,0
11:28:59.380,0,0,0,0,0
11:28:59.380,1,0,0,0,0
11:28:59.899,1,0,0,0,0
11:28:59.899,0,0,0,0,0
11:29:00.506,0,0,0,0,0
11:29:00.506,1,0,0,0,0
11:29:01.007,1,0,0,0,0
11:29:01.007,0,0,0,0,0
11:29:01.522,0,0,0,0,0
11:29:01.522,1,0,0,0,0
11:29:02.035,1,0,0,0,0
11:29:02.035,0,0,0,0,0
11:29:02.534,0,0,0,0,0
11:29:02.534,1,0,0,0,0
11:29:03.096,1,0,0,0,0
11:29:03.096,0,0,0,0,0
11:29:03.702,0,0,0,0,0
11:29:03.702,1,0,0,0,0
11:29:04.217,1,0,0,0,0
11:29:04.217,0,0,0,0,0
11:29:04.720,0,0,0,0,0
11:29:04.720,1,0,0,0,0
11:29:05.221,1,0,0,0,0
11:29:05.221,0,0,0,0,0
11:29:05.735,0,0,0,0,0
11:29:05.735,1,0,0,0,0
11:29:06.249,1,0,0,0,0
11:29:06.249,0,0,0,0,0
11:29:06.804,0,0,0,0,0
11:29:06.804,1,0,0,0,0
11:29:07.418,1,0,0,0,0
11:29:07.418,0,0,0,0,0
11:29:07.923,0,0,0,0,0
11:29:07.923,1,0,0,0,0
11:29:08.437,1,0,0,0,0
11:29:08.437,0,0,0,0,0
11:29:08.936,0,0,0,0,0
11:29:08.936,1,0,0,0,0
11:29:09.450,1,0,0,0,0
11:29:09.450,0,0,0,0,0
11:29:10.000,0,0,0,0,0
11:29:10.000,1,0,0,0,0
11:29:10.602,1,0,0,0,0
11:29:10.602,0,0,0,0,0
11:29:11.105,0,0,0,0,0
11:29:11.105,1,0,0,0,0
11:29:11.605,1,0,0,0,0
11:29:11.605,0,0,0,0,0
11:29:12.105,0,0,0,0,0
11:29:12.105,1,0,0,0,0
11:29:12.619,1,0,0,0,0
11:29:12.619,0,0,0,0,0
11:29:13.119,0,0,0,0,0
11:29:13.119,1,0,0,0,0
11:29:13.622,1,0,0,0,0
11:29:13.622,0,0,0,0,0
11:29:14.159,0,0,0,0,0
11:29:14.159,1,0,0,0,0
11:29:14.766,1,0,0,0,0
11:29:14.766,0,0,0,0,0
11:29:15.277,0,0,0,0,0
11:29:15.277,1,0,0,0,0
11:29:15.777,1,0,0,0,0
11:29:15.777,0,0,0,0,0
11:29:16.289,0,0,0,0,0
11:29:16.289,1,0,0,0,0
11:29:16.793,1,0,0,0,0
11:29:16.793,0,0,0,0,0
11:29:17.308,0,0,0,0,0
11:29:17.308,1,0,0,0,0
11:29:17.823,1,0,0,0,0
11:29:17.823,0,0,0,0,0
11:29:18.345,0,0,0,0,0
11:29:18.345,1,0,0,0,0
11:29:18.951,1,0,0,0,0
11:29:18.951,0,0,0,0,0
11:29:19.452,0,0,0,0,0
11:29:19.452,1,0,0,0,0
11:29:19.953,1,0,0,0,0
11:29:19.953,0,0,0,0,0
11:29:20.465,0,0,0,0,0
11:29:20.465,1,0,0,0,0
11:29:20.979,1,0,0,0,0
11:29:20.979,0,0,0,0,0
11:29:21.493,0,0,0,0,0
11:29:21.493,1,0,0,0,0
11:29:22.021,1,0,0,0,0
11:29:22.021,0,0,0,0,0
11:29:22.614,0,0,0,0,0
11:29:22.614,1,0,0,0,0
11:29:23.129,1,0,0,0,0
11:29:23.129,0,0,0,0,0
11:29:23.629,0,0,0,0,0
11:29:23.629,1,0,0,0,0
11:29:24.142,1,0,0,0,0
11:29:24.142,0,0,0,0,0
11:29:24.643,0,0,0,0,0
11:29:24.643,1,0,0,0,0
11:29:25.144,1,0,0,0,0
11:29:25.144,0,0,0,0,0
11:29:25.698,0,0,0,0,0
11:29:25.698,1,0,0,0,0
11:29:26.343,1,0,0,0,0
11:29:26.343,0,0,0,0,0
11:29:26.847,0,0,0,0,0
11:29:26.847,1,0,0,0,0
11:29:27.354,1,0,0,0,0
11:29:27.354,0,0,0,0,0
11:29:27.854,0,0,0,0,0
11:29:27.854,1,0,0,0,0
11:29:28.360,1,0,0,0,0
11:29:28.360,0,0,0,0,0
11:29:28.899,0,0,0,0,0
11:29:28.899,1,0,0,0,0
11:29:29.487,1,0,0,0,0
11:29:29.487,0,0,0,0,0
11:29:29.993,0,0,0,0,0
11:29:29.993,1,0,0,0,0
11:29:30.506,1,0,0,0,0
11:29:30.506,0,0,0,0,0
11:29:31.018,0,0,0,0,0
11:29:31.018,1,0,0,0,0
11:29:31.520,1,0,0,0,0
11:29:31.520,0,0,0,0,0
11:29:32.020,0,0,0,0,0
11:29:32.020,1,0,0,0,0
11:29:32.532,1,0,0,0,0
11:29:32.532,0,0,0,0,0
11:29:33.033,0,0,0,0,0
11:29:33.033,1,0,0,0,0
11:29:33.600,1,0,0,0,0
11:29:33.600,0,0,0,0,0
11:29:34.102,0,0,0,0,0
11:29:34.102,1,0,0,0,0
11:29:34.616,1,0,0,0,0
11:29:34.616,0,0,0,0,0
11:29:35.117,0,0,0,0,0
11:29:35.117,1,0,0,0,0
11:29:35.617,1,0,0,0,0
11:29:35.617,0,0,0,0,0
11:29:36.131,0,0,0,0,0
11:29:36.131,1,0,0,0,0
11:29:36.659,1,0,0,0,0
11:29:36.659,0,0,0,0,0
11:29:37.281,0,0,0,0,0
11:29:37.281,1,0,0,0,0
11:29:37.782,1,0,0,0,0
11:29:37.782,0,0,0,0,0
11:29:38.283,0,0,0,0,0
11:29:38.283,1,0,0,0,0
11:29:38.796,1,0,0,0,0
11:29:38.796,0,0,0,0,0
11:29:39.297,0,0,0,0,0
11:29:39.297,1,0,0,0,0
11:29:39.802,1,0,0,0,0
11:29:39.802,0,0,0,0,0
11:29:40.306,0,0,0,0,0
11:29:40.306,1,0,0,0,0
11:29:40.876,1,0,0,0,0
11:29:40.876,0,0,0,0,0
11:29:41.477,0,0,0,0,0
11:29:41.477,1,0,0,0,0
11:29:41.979,1,0,0,0,0
11:29:41.979,0,0,0,0,0
11:29:42.492,0,0,0,0,0
11:29:42.492,1,0,0,0,0
11:29:42.992,1,0,0,0,0
11:29:42.992,0,0,0,0,0
11:29:43.494,0,0,0,0,0
11:29:43.494,1,0,0,0,0
11:29:43.993,1,0,0,0,0
11:29:43.993,0,0,0,0,0
11:29:44.531,0,0,0,0,0
11:29:44.531,1,0,0,0,0
11:29:45.123,1,0,0,0,0
11:29:45.123,0,0,0,0,0
11:29:45.637,0,0,0,0,0
11:29:45.637,1,0,0,0,0
11:29:46.150,1,0,0,0,0
11:29:46.150,0,0,0,0,0
11:29:46.651,0,0,0,0,0
11:29:46.651,1,0,0,0,0
11:29:47.164,1,0,0,0,0
11:29:47.164,0,0,0,0,0
11:29:47.694,0,0,0,0,0
11:29:47.694,1,0,0,0,0
11:29:48.286,1,0,0,0,0
11:29:48.286,0,0,0,0,0
11:29:48.789,0,0,0,0,0
11:29:48.789,1,0,0,0,0
11:29:49.289,1,0,0,0,0
11:29:49.289,0,0,0,0,0
11:29:49.791,0,0,0,0,0
11:29:49.791,1,0,0,0,0
11:29:50.305,1,0,0,0,0
11:29:50.305,0,0,0,0,0
11:29:50.816,0,0,0,0,0
11:29:50.816,1,0,0,0,0
11:29:51.371,1,0,0,0,0
11:29:51.371,0,0,0,0,0
11:29:52.049,0,0,0,0,0
11:29:52.049,1,0,0,0,0
11:29:52.549,1,0,0,0,0
11:29:52.549,0,0,0,0,0
11:29:53.051,0,0,0,0,0
11:29:53.051,1,0,0,0,0
11:29:53.567,1,0,0,0,0
11:29:53.567,0,0,0,0,0
11:29:54.068,0,0,0,0,0
11:29:54.068,1,0,0,0,0
11:29:54.609,1,0,0,0,0
11:29:54.609,0,0,0,0,0
11:29:55.211,0,0,0,0,0
11:29:55.211,1,0,0,0,0
11:29:55.723,1,0,0,0,0
11:29:55.723,0,0,0,0,0
11:29:56.225,0,0,0,0,0
11:29:56.225,1,0,0,0,0
11:29:56.734,1,0,0,0,0
11:29:56.734,0,0,0,0,0
11:29:57.233,0,0,0,0,0
11:29:57.233,1,0,0,0,0
11:29:57.747,1,0,0,0,0
11:29:57.747,0,0,0,0,0
11:29:58.265,0,0,0,0,0
11:29:58.265,1,0,0,0,0
11:29:58.882,1,0,0,0,0
11:29:58.882,0,0,0,0,0
11:29:59.393,0,0,0,0,0
11:29:59.393,1,0,0,0,0
11:29:59.894,1,0,0,0,0
11:29:59.894,0,0,0,0,0
11:30:00.406,0,0,0,0,0
11:30:00.406,1,0,0,0,0
11:30:00.906,1,0,0,0,0
11:30:00.906,0,0,0,0,0
11:30:01.407,0,0,0,0,0
11:30:01.407,1,0,0,0,0
11:30:01.911,1,0,0,0,0
11:30:01.911,0,0,0,0,0
11:30:02.441,0,0,0,0,0
11:30:02.441,1,0,0,0,0
11:30:03.030,1,0,0,0,0
11:30:03.030,0,0,0,0,0
11:30:03.566,0,0,0,0,0
11:30:03.566,1,0,0,0,0
11:30:04.071,1,0,0,0,0
11:30:04.071,0,0,0,0,0
11:30:04.585,0,0,0,0,0
11:30:04.585,1,0,0,0,0
11:30:05.085,1,0,0,0,0
11:30:05.085,0,0,0,0,0
11:30:05.589,0,0,0,0,0
11:30:05.589,1,0,0,0,0
11:30:06.102,1,0,0,0,0
11:30:06.102,0,0,0,0,0
11:30:06.643,0,0,0,0,0
11:30:06.643,1,0,0,0,0
11:30:07.249,1,0,0,0,0
11:30:07.249,0,0,0,0,0
11:30:07.758,0,0,0,0,0
11:30:07.758,1,0,0,0,0
11:30:08.272,1,0,0,0,0
11:30:08.272,0,0,0,0,0
11:30:08.785,0,0,0,0,0
11:30:08.785,1,0,0,0,0
11:30:09.285,1,0,0,0,0
11:30:09.285,0,0,0,0,0
11:30:09.857,0,0,0,0,0
11:30:09.857,1,0,0,0,0
11:30:10.452,1,0,0,0,0
11:30:10.452,0,0,0,0,0
11:30:10.957,0,0,0,0,0
11:30:10.957,1,0,0,0,0
11:30:11.465,1,0,0,0,0
11:30:11.465,0,0,0,0,0
11:30:11.979,0,0,0,0,0
11:30:11.979,1,0,0,0,0
11:30:12.494,1,0,0,0,0
11:30:12.494,0,0,0,0,0
11:30:13.009,0,0,0,0,0
11:30:13.009,1,0,0,0,0
11:30:13.529,1,0,0,0,0
11:30:13.529,0,0,0,0,0
11:30:14.127,0,0,0,0,0
11:30:14.127,1,0,0,0,0
11:30:14.635,1,0,0,0,0
11:30:14.635,0,0,0,0,0
11:30:15.149,0,0,0,0,0
11:30:15.149,1,0,0,0,0
11:30:15.649,1,0,0,0,0
11:30:15.649,0,0,0,0,0
11:30:16.163,0,0,0,0,0
11:30:16.163,1,0,0,0,0
11:30:16.713,1,0,0,0,0
11:30:16.713,0,0,0,0,0
11:30:17.272,0,0,0,0,0
11:30:17.272,1,0,0,0,0
11:30:17.784,1,0,0,0,0
11:30:17.784,0,0,0,0,0
11:30:18.298,0,0,0,0,0
11:30:18.298,1,0,0,0,0
11:30:18.800,1,0,0,0,0
11:30:18.800,0,0,0,0,0
11:30:19.313,0,0,0,0,0
11:30:19.313,1,0,0,0,0
11:30:19.827,1,0,0,0,0
11:30:19.827,0,0,0,0,0
11:30:20.499,0,0,0,0,0
11:30:20.499,1,0,0,0,0
11:30:21.229,1,0,0,0,0
11:30:21.229,0,0,0,0,0
11:30:21.743,0,0,0,0,0
11:30:21.743,1,0,0,0,0
11:30:22.277,1,0,0,0,0
11:30:22.277,0,0,0,0,0
11:30:22.894,0,0,0,0,0
11:30:22.894,1,0,0,0,0
11:30:23.394,1,0,0,0,0
11:30:23.394,0,0,0,0,0
11:30:23.895,0,0,0,0,0
11:30:23.895,1,0,0,0,0
11:30:24.409,1,0,0,0,0
11:30:24.409,0,0,0,0,0
11:30:24.923,0,0,0,0,0
11:30:24.923,1,0,0,0,0
11:30:25.423,1,0,0,0,0
11:30:25.423,0,0,0,0,0
11:30:25.943,0,0,0,0,0
11:30:25.943,1,0,0,0,0
11:30:26.528,1,0,0,0,0
11:30:26.528,0,0,0,0,0
11:30:27.033,0,0,0,0,0
11:30:27.033,1,0,0,0,0
11:30:27.534,1,0,0,0,0
11:30:27.534,0,0,0,0,0
11:30:28.035,0,0,0,0,0
11:30:28.035,1,0,0,0,0
11:30:28.548,1,0,0,0,0
11:30:28.548,0,0,0,0,0
11:30:29.077,0,0,0,0,0
11:30:29.077,1,0,0,0,0
11:30:29.590,1,0,0,0,0
11:30:29.590,0,0,0,0,0
11:30:30.105,0,0,0,0,0
11:30:30.105,1,0,0,0,0
11:30:30.609,1,0,0,0,0
11:30:30.609,0,0,0,0,0
11:30:31.124,0,0,0,0,0
11:30:31.124,1,0,0,0,0
11:30:31.638,1,0,0,0,0
11:30:31.638,0,0,0,0,0
11:30:32.150,0,0,0,0,0
11:30:32.150,1,0,0,0,0
11:30:32.652,1,0,0,0,0
11:30:32.652,0,0,0,0,0
11:30:33.204,0,0,0,0,0
11:30:33.204,1,0,0,0,0
11:30:33.830,1,0,0,0,0
11:30:33.830,0,0,0,0,0
11:30:34.338,0,0,0,0,0
11:30:34.338,1,0,0,0,0
11:30:34.852,1,0,0,0,0
11:30:34.852,0,0,0,0,0
11:30:35.366,0,0,0,0,0
11:30:35.366,1,0,0,0,0
11:30:35.878,1,0,0,0,0
11:30:35.878,0,0,0,0,0
11:30:36.392,0,0,0,0,0
11:30:36.392,1,0,0,0,0
11:30:36.987,1,0,0,0,0
11:30:36.987,0,0,0,0,0
11:30:37.628,0,0,0,0,0
11:30:37.628,1,0,0,0,0
11:30:38.139,1,0,0,0,0
11:30:38.139,0,0,0,0,0
11:30:38.641,0,0,0,0,0
11:30:38.641,1,0,0,0,0
11:30:39.142,1,0,0,0,0
11:30:39.142,0,0,0,0,0
11:30:39.654,0,0,0,0,0
11:30:39.654,1,0,0,0,0
11:30:40.168,1,0,0,0,0
11:30:40.168,0,0,0,0,0
11:30:40.683,0,0,0,0,0
11:30:40.683,1,0,0,0,0
11:30:41.251,1,0,0,0,0
11:30:41.251,0,0,0,0,0
11:30:41.874,0,0,0,0,0
11:30:41.874,1,0,0,0,0
11:30:42.375,1,0,0,0,0
11:30:42.375,0,0,0,0,0
11:30:42.887,0,0,0,0,0
11:30:42.887,1,0,0,0,0
11:30:43.399,1,0,0,0,0
11:30:43.399,0,0,0,0,0
11:30:43.900,0,0,0,0,0
11:30:43.900,1,0,0,0,0
11:30:44.445,1,0,0,0,0
11:30:44.445,0,0,0,0,0
11:30:45.052,0,0,0,0,0
11:30:45.052,1,0,0,0,0
11:30:45.566,1,0,0,0,0
11:30:45.566,0,0,0,0,0
11:30:46.220,0,0,0,0,0
11:30:46.220,1,0,0,0,0
11:30:46.722,1,0,0,0,0
11:30:46.722,0,0,0,0,0
11:30:47.233,0,0,0,0,0
11:30:47.233,1,0,0,0,0
11:30:47.734,1,0,0,0,0
11:30:47.734,0,0,0,0,0
11:30:48.248,0,0,0,0,0
11:30:48.248,1,0,0,0,0
11:30:48.762,1,0,0,0,0
11:30:48.762,0,0,0,0,0
11:30:49.339,0,0,0,0,0
11:30:49.339,1,0,0,0,0
11:30:50.027,1,0,0,0,0
11:30:50.027,0,0,0,0,0
11:30:50.533,0,0,0,0,0
11:30:50.533,1,0,0,0,0
11:30:51.044,1,0,0,0,0
11:30:51.044,0,0,0,0,0
11:30:51.555,0,0,0,0,0
11:30:51.555,1,0,0,0,0
11:30:52.068,1,0,0,0,0
11:30:52.068,0,0,0,0,0
11:30:52.610,0,0,0,0,0
11:30:52.610,1,0,0,0,0
11:30:53.264,1,0,0,0,0
11:30:53.264,0,0,0,0,0
11:30:53.804,0,0,0,0,0
11:30:53.804,1,0,0,0,0
11:30:54.306,1,0,0,0,0
11:30:54.306,0,0,0,0,0
11:30:54.815,0,0,0,0,0
11:30:54.815,1,0,0,0,0
11:30:55.319,1,0,0,0,0
11:30:55.319,0,0,0,0,0
11:30:55.821,0,0,0,0,0
11:30:55.821,1,0,0,0,0
11:30:56.335,1,0,0,0,0
11:30:56.335,0,0,0,0,0
11:30:56.850,0,0,0,0,0
11:30:56.850,1,0,0,0,0
11:30:57.356,1,0,0,0,0
11:30:57.356,0,0,0,0,0
11:30:57.920,0,0,0,0,0
11:30:57.920,1,0,0,0,0
11:30:58.635,1,0,0,0,0
11:30:58.635,0,0,0,0,0
11:30:59.140,0,0,0,0,0
11:30:59.140,1,0,0,0,0
11:30:59.640,1,0,0,0,0
11:30:59.640,0,0,0,0,0
11:31:00.148,0,0,0,0,0
11:31:00.148,1,0,0,0,0
11:31:00.775,1,0,0,0,0
11:31:00.775,0,0,0,0,0
11:31:01.320,0,0,0,0,0
11:31:01.320,1,0,0,0,0
11:31:02.031,1,0,0,0,0
11:31:02.031,0,0,0,0,0
11:31:02.532,0,0,0,0,0
11:31:02.532,1,0,0,0,0
11:31:03.043,1,0,0,0,0
11:31:03.043,0,0,0,0,0
11:31:03.558,0,0,0,0,0
11:31:03.558,1,0,0,0,0
11:31:04.072,1,0,0,0,0
11:31:04.072,0,0,0,0,0
11:31:04.627,0,0,0,0,0
11:31:04.627,1,0,0,0,0
11:31:05.265,1,0,0,0,0
11:31:05.265,0,0,0,0,0
11:31:05.766,0,0,0,0,0
11:31:05.766,1,0,0,0,0
11:31:06.284,1,0,0,0,0
11:31:06.284,0,0,0,0,0
11:31:06.794,0,0,0,0,0
11:31:06.794,1,0,0,0,0
11:31:07.301,1,0,0,0,0
11:31:07.301,0,0,0,0,0
11:31:07.816,0,0,0,0,0
11:31:07.816,1,0,0,0,0
11:31:08.367,1,0,0,0,0
11:31:08.367,0,0,0,0,0
11:31:08.909,0,0,0,0,0
11:31:08.909,1,0,0,0,0
11:31:09.420,1,0,0,0,0
11:31:09.420,0,0,0,0,0
11:31:09.931,0,0,0,0,0
11:31:09.931,1,0,0,0,0
11:31:10.440,1,0,0,0,0
11:31:10.440,0,0,0,0,0
11:31:10.941,0,0,0,0,0
11:31:10.941,1,0,0,0,0
11:31:11.448,1,0,0,0,0
11:31:11.448,0,0,0,0,0
11:31:11.998,0,0,0,0,0
11:31:11.998,1,0,0,0,0
11:31:12.591,1,0,0,0,0
11:31:12.591,0,0,0,0,0
11:31:13.103,0,0,0,0,0
11:31:13.103,1,0,0,0,0
11:31:13.615,1,0,0,0,0
11:31:13.615,0,0,0,0,0
11:31:14.120,0,0,0,0,0
11:31:14.120,1,0,0,0,0
11:31:14.628,1,0,0,0,0
11:31:14.628,0,0,0,0,0
11:31:15.128,0,0,0,0,0
11:31:15.128,1,0,0,0,0
11:31:15.752,1,0,0,0,0
11:31:15.752,0,0,0,0,0
11:31:16.264,0,0,0,0,0
11:31:16.264,1,0,0,0,0
11:31:16.766,1,0,0,0,0
11:31:16.766,0,0,0,0,0
11:31:17.275,0,0,0,0,0
11:31:17.275,1,0,0,0,0
11:31:17.787,1,0,0,0,0
11:31:17.787,0,0,0,0,0
11:31:18.286,0,0,0,0,0
11:31:18.286,1,0,0,0,0
11:31:18.798,1,0,0,0,0
11:31:18.798,0,0,0,0,0
11:31:19.384,0,0,0,0,0
11:31:19.384,1,0,0,0,0
11:31:19.888,1,0,0,0,0
11:31:19.888,0,0,0,0,0
11:31:20.399,0,0,0,0,0
11:31:20.399,1,0,0,0,0
11:31:20.913,1,0,0,0,0
11:31:20.913,0,0,0,0,0
11:31:21.422,0,0,0,0,0
11:31:21.422,1,0,0,0,0
11:31:21.968,1,0,0,0,0
11:31:21.968,0,0,0,0,0
11:31:22.561,0,0,0,0,0
11:31:22.561,1,0,0,0,0
11:31:23.071,1,0,0,0,0
11:31:23.071,0,0,0,0,0
11:31:23.586,0,0,0,0,0
11:31:23.586,1,0,0,0,0
11:31:24.099,1,0,0,0,0
11:31:24.099,0,0,0,0,0
11:31:24.610,0,0,0,0,0
11:31:24.610,1,0,0,0,0
11:31:25.157,1,0,0,0,0
11:31:25.157,0,0,0,0,0
11:31:25.757,0,0,0,0,0
11:31:25.757,1,0,0,0,0
11:31:26.259,1,0,0,0,0
11:31:26.259,0,0,0,0,0
11:31:26.760,0,0,0,0,0
11:31:26.760,1,0,0,0,0
11:31:27.270,1,0,0,0,0
11:31:27.270,0,0,0,0,0
11:31:27.783,0,0,0,0,0
11:31:27.783,1,0,0,0,0
11:31:28.296,1,0,0,0,0
11:31:28.296,0,0,0,0,0
11:31:28.816,0,0,0,0,0
11:31:28.816,1,0,0,0,0
11:31:29.407,1,0,0,0,0
11:31:29.407,0,0,0,0,0
11:31:29.921,0,0,0,0,0
11:31:29.921,1,0,0,0,0
11:31:30.421,1,0,0,0,0
11:31:30.421,0,0,0,0,0
11:31:30.934,0,0,0,0,0
11:31:30.934,1,0,0,0,0
11:31:31.444,1,0,0,0,0
11:31:31.444,0,0,0,0,0
11:31:31.966,0,0,0,0,0
11:31:31.966,1,0,0,0,0
11:31:32.555,1,0,0,0,0
11:31:32.555,0,0,0,0,0
11:31:33.059,0,0,0,0,0
11:31:33.059,1,0,0,0,0
11:31:33.559,1,0,0,0,0
11:31:33.559,0,0,0,0,0
11:31:34.060,0,0,0,0,0
11:31:34.060,1,0,0,0,0
11:31:34.561,1,0,0,0,0
11:31:34.561,0,0,0,0,0
11:31:35.073,0,0,0,0,0
11:31:35.073,1,0,0,0,0
11:31:35.580,1,0,0,0,0
11:31:35.580,0,0,0,0,0
11:31:36.085,0,0,0,0,0
11:31:36.085,1,0,0,0,0
11:31:36.714,1,0,0,0,0
11:31:36.714,0,0,0,0,0
11:31:37.216,0,0,0,0,0
11:31:37.216,1,0,0,0,0
11:31:37.728,1,0,0,0,0
11:31:37.728,0,0,0,0,0
11:31:38.242,0,0,0,0,0
11:31:38.242,1,0,0,0,0
11:31:38.751,1,0,0,0,0
11:31:38.751,0,0,0,0,0
11:31:39.300,0,0,0,0,0
11:31:39.300,1,0,0,0,0
11:31:39.919,1,0,0,0,0
11:31:39.919,0,0,0,0,0
11:31:40.426,0,0,0,0,0
11:31:40.426,1,0,0,0,0
11:31:40.925,1,0,0,0,0
11:31:40.925,0,0,0,0,0
11:31:41.439,0,0,0,0,0
11:31:41.439,1,0,0,0,0
11:31:41.940,1,0,0,0,0
11:31:41.940,0,0,0,0,0
11:31:42.455,0,0,0,0,0
11:31:42.455,1,0,0,0,0
11:31:42.983,1,0,0,0,0
11:31:42.983,0,0,0,0,0
11:31:43.594,0,0,0,0,0
11:31:43.594,1,0,0,0,0
11:31:44.099,1,0,0,0,0
11:31:44.099,0,0,0,0,0
11:31:44.609,0,0,0,0,0
11:31:44.609,1,0,0,0,0
11:31:45.109,1,0,0,0,0
11:31:45.109,0,0,0,0,0
11:31:45.621,0,0,0,0,0
11:31:45.621,1,0,0,0,0
11:31:46.165,1,0,0,0,0
11:31:46.165,0,0,0,0,0
11:31:46.762,0,0,0,0,0
11:31:46.762,1,0,0,0,0
11:31:47.272,1,0,0,0,0
11:31:47.272,0,0,0,0,0
11:31:47.785,0,0,0,0,0
11:31:47.785,1,0,0,0,0
11:31:48.285,1,0,0,0,0
11:31:48.285,0,0,0,0,0
11:31:48.797,0,0,0,0,0
11:31:48.797,1,0,0,0,0
11:31:49.344,1,0,0,0,0
11:31:49.344,0,0,0,0,0
11:31:49.931,0,0,0,0,0
11:31:49.931,1,0,0,0,0
11:31:50.442,1,0,0,0,0
11:31:50.442,0,0,0,0,0
11:31:50.954,0,0,0,0,0
11:31:50.954,1,0,0,0,0
11:31:51.467,1,0,0,0,0
11:31:51.467,0,0,0,0,0
11:31:51.978,0,0,0,0,0
11:31:51.978,1,0,0,0,0
11:31:52.526,1,0,0,0,0
11:31:52.526,0,0,0,0,0
11:31:53.134,0,0,0,0,0
11:31:53.134,1,0,0,0,0
11:31:53.642,1,0,0,0,0
11:31:53.642,0,0,0,0,0
11:31:54.155,0,0,0,0,0
11:31:54.155,1,0,0,0,0
11:31:54.669,1,0,0,0,0
11:31:54.669,0,0,0,0,0
11:31:55.170,0,0,0,0,0
11:31:55.170,1,0,0,0,0
11:31:55.722,1,0,0,0,0
11:31:55.722,0,0,0,0,0
11:31:56.320,0,0,0,0,0
11:31:56.320,1,0,0,0,0
11:31:56.831,1,0,0,0,0
11:31:56.831,0,0,0,0,0
11:31:57.346,0,0,0,0,0
11:31:57.346,1,0,0,0,0
11:31:57.846,1,0,0,0,0
11:31:57.846,0,0,0,0,0
11:31:58.349,0,0,0,0,0
11:31:58.349,1,0,0,0,0
11:31:58.861,1,0,0,0,0
11:31:58.861,0,0,0,0,0
11:31:59.391,0,0,0,0,0
11:31:59.391,1,0,0,0,0
11:32:00.052,1,0,0,0,0
11:32:00.052,0,0,0,0,0
11:32:00.556,0,0,0,0,0
11:32:00.556,1,0,0,0,0
11:32:01.069,1,0,0,0,0
11:32:01.069,0,0,0,0,0
11:32:01.584,0,0,0,0,0
11:32:01.584,1,0,0,0,0
11:32:02.128,1,0,0,0,0
11:32:02.128,0,0,0,0,0
11:32:02.711,0,0,0,0,0
11:32:02.711,1,0,0,0,0
11:32:03.211,1,0,0,0,0
11:32:03.211,0,0,0,0,0
11:32:03.724,0,0,0,0,0
11:32:03.724,1,0,0,0,0
11:32:04.236,1,0,0,0,0
11:32:04.236,0,0,0,0,0
11:32:04.750,0,0,0,0,0
11:32:04.750,1,0,0,0,0
11:32:05.263,1,0,0,0,0
11:32:05.263,0,0,0,0,0
11:32:05.766,0,0,0,0,0
11:32:05.766,1,0,0,0,0
11:32:06.351,1,0,0,0,0
11:32:06.351,0,0,0,0,0
11:32:06.859,0,0,0,0,0
11:32:06.859,1,0,0,0,0
11:32:07.370,1,0,0,0,0
11:32:07.370,0,0,0,0,0
11:32:07.871,0,0,0,0,0
11:32:07.871,1,0,0,0,0
11:32:08.386,1,0,0,0,0
11:32:08.386,0,0,0,0,0
11:32:08.899,0,0,0,0,0
11:32:08.899,1,0,0,0,0
11:32:09.425,1,0,0,0,0
11:32:09.425,0,0,0,0,0
11:32:10.035,0,0,0,0,0
11:32:10.035,1,0,0,0,0
11:32:10.547,1,0,0,0,0
11:32:10.547,0,0,0,0,0
11:32:11.060,0,0,0,0,0
11:32:11.060,1,0,0,0,0
11:32:11.573,1,0,0,0,0
11:32:11.573,0,0,0,0,0
11:32:12.082,0,0,0,0,0
11:32:12.082,1,0,0,0,0
11:32:12.597,1,0,0,0,0
11:32:12.597,0,0,0,0,0
11:32:13.131,0,0,0,0,0
11:32:13.131,1,0,0,0,0
11:32:13.729,1,0,0,0,0
11:32:13.729,0,0,0,0,0
11:32:14.237,0,0,0,0,0
11:32:14.237,1,0,0,0,0
11:32:14.737,1,0,0,0,0
11:32:14.737,0,0,0,0,0
11:32:15.247,0,0,0,0,0
11:32:15.247,1,0,0,0,0
11:32:15.748,1,0,0,0,0
11:32:15.748,0,0,0,0,0
11:32:16.248,0,0,0,0,0
11:32:16.248,1,0,0,0,0
11:32:16.754,1,0,0,0,0
11:32:16.754,0,0,0,0,0
11:32:17.308,0,0,0,0,0
11:32:17.308,1,0,0,0,0
11:32:17.888,1,0,0,0,0
11:32:17.888,0,0,0,0,0
11:32:18.393,0,0,0,0,0
11:32:18.393,1,0,0,0,0
11:32:18.906,1,0,0,0,0
11:32:18.906,0,0,0,0,0
11:32:19.417,0,0,0,0,0
11:32:19.417,1,0,0,0,0
11:32:19.931,1,0,0,0,0
11:32:19.931,0,0,0,0,0
11:32:20.479,0,0,0,0,0
11:32:20.479,1,0,0,0,0
11:32:21.062,1,0,0,0,0
11:32:21.062,0,0,0,0,0
11:32:21.565,0,0,0,0,0
11:32:21.565,1,0,0,0,0
11:32:22.080,1,0,0,0,0
11:32:22.080,0,0,0,0,0
11:32:22.590,0,0,0,0,0
11:32:22.590,1,0,0,0,0
11:32:23.092,1,0,0,0,0
11:32:23.092,0,0,0,0,0
11:32:23.654,0,0,0,0,0
11:32:23.654,1,0,0,0,0
11:32:24.237,1,0,0,0,0
11:32:24.237,0,0,0,0,0
11:32:24.739,0,0,0,0,0
11:32:24.739,1,0,0,0,0
11:32:25.251,1,0,0,0,0
11:32:25.251,0,0,0,0,0
11:32:25.766,0,0,0,0,0
11:32:25.766,1,0,0,0,0
11:32:26.265,1,0,0,0,0
11:32:26.265,0,0,0,0,0
11:32:26.766,0,0,0,0,0
11:32:26.766,1,0,0,0,0
11:32:27.279,1,0,0,0,0
11:32:27.279,0,0,0,0,0
11:32:27.795,0,0,0,0,0
11:32:27.795,1,0,0,0,0
11:32:28.397,1,0,0,0,0
11:32:28.397,0,0,0,0,0
11:32:28.902,0,0,0,0,0
11:32:28.902,1,0,0,0,0
11:32:29.417,1,0,0,0,0
11:32:29.417,0,0,0,0,0
11:32:29.928,0,0,0,0,0
11:32:29.928,1,0,0,0,0
11:32:30.441,1,0,0,0,0
11:32:30.441,0,0,0,0,0
11:32:30.991,0,0,0,0,0
11:32:30.991,1,0,0,0,0
11:32:31.580,1,0,0,0,0
11:32:31.580,0,0,0,0,0
11:32:32.080,0,0,0,0,0
11:32:32.080,1,0,0,0,0
11:32:32.581,1,0,0,0,0
11:32:32.581,0,0,0,0,0
11:32:33.088,0,0,0,0,0
11:32:33.088,1,0,0,0,0
11:32:33.600,1,0,0,0,0
11:32:33.600,0,0,0,0,0
11:32:34.110,0,0,0,0,0
11:32:34.110,1,0,0,0,0
11:32:34.638,1,0,0,0,0
11:32:34.638,0,0,0,0,0
11:32:35.228,0,0,0,0,0
11:32:35.228,1,0,0,0,0
11:32:35.742,1,0,0,0,0
11:32:35.742,0,0,0,0,0
11:32:36.257,0,0,0,0,0
11:32:36.257,1,0,0,0,0
11:32:36.767,1,0,0,0,0
11:32:36.767,0,0,0,0,0
11:32:37.268,0,0,0,0,0
11:32:37.268,1,0,0,0,0
11:32:37.769,1,0,0,0,0
11:32:37.769,0,0,0,0,0
11:32:38.300,0,0,0,0,0
11:32:38.300,1,0,0,0,0
11:32:38.903,1,0,0,0,0
11:32:38.903,0,0,0,0,0
11:32:39.412,0,0,0,0,0
11:32:39.412,1,0,0,0,0
11:32:39.925,1,0,0,0,0
11:32:39.925,0,0,0,0,0
11:32:40.438,0,0,0,0,0
11:32:40.438,1,0,0,0,0
11:32:40.939,1,0,0,0,0
11:32:40.939,0,0,0,0,0
11:32:41.453,0,0,0,0,0
11:32:41.453,1,0,0,0,0
11:32:42.008,1,0,0,0,0
11:32:42.008,0,0,0,0,0
11:32:42.624,0,0,0,0,0
11:32:42.624,1,0,0,0,0
11:32:43.128,1,0,0,0,0
11:32:43.128,0,0,0,0,0
11:32:43.629,0,0,0,0,0
11:32:43.629,1,0,0,0,0
11:32:44.141,1,0,0,0,0
11:32:44.141,0,0,0,0,0
11:32:44.642,0,0,0,0,0
11:32:44.642,1,0,0,0,0
11:32:45.148,1,0,0,0,0
11:32:45.148,0,0,0,0,0
11:32:45.693,0,0,0,0,0
11:32:45.693,1,0,0,0,0
11:32:46.283,1,0,0,0,0
11:32:46.283,0,0,0,0,0
11:32:46.823,0,0,0,0,0
11:32:46.823,1,0,0,0,0
11:32:47.625,1,0,0,0,0
11:32:47.625,0,0,0,0,0
11:32:48.133,0,0,0,0,0
11:32:48.133,1,0,0,0,0
11:32:48.635,1,0,0,0,0
11:32:48.635,0,0,0,0,0
11:32:49.135,0,0,0,0,0
11:32:49.135,1,0,0,0,0
11:32:49.646,1,0,0,0,0
11:32:49.646,0,0,0,0,0
11:32:50.157,0,0,0,0,0
11:32:50.157,1,0,0,0,0
11:32:50.748,1,0,0,0,0
11:32:50.748,0,0,0,0,0
11:32:51.249,0,0,0,0,0
11:32:51.249,1,0,0,0,0
11:32:51.749,1,0,0,0,0
11:32:51.749,0,0,0,0,0
11:32:52.258,0,0,0,0,0
11:32:52.258,1,0,0,0,0
11:32:52.759,1,0,0,0,0
11:32:52.759,0,0,0,0,0
11:32:53.270,0,0,0,0,0
11:32:53.270,1,0,0,0,0
11:32:53.822,1,0,0,0,0
11:32:53.822,0,0,0,0,0
11:32:54.425,0,0,0,0,0
11:32:54.425,1,0,0,0,0
11:32:54.935,1,0,0,0,0
11:32:54.935,0,0,0,0,0
11:32:55.447,0,0,0,0,0
11:32:55.447,1,0,0,0,0
11:32:55.958,1,0,0,0,0
11:32:55.958,0,0,0,0,0
11:32:56.473,0,0,0,0,0
11:32:56.473,1,0,0,0,0
11:32:56.985,1,0,0,0,0
11:32:56.985,0,0,0,0,0
11:32:57.490,0,0,0,0,0
11:32:57.490,1,0,0,0,0
11:32:58.151,1,0,0,0,0
11:32:58.151,0,0,0,0,0
11:32:58.651,0,0,0,0,0
11:32:58.651,1,0,0,0,0
11:32:59.165,1,0,0,0,0
11:32:59.165,0,0,0,0,0
11:32:59.677,0,0,0,0,0
11:32:59.677,1,0,0,0,0
11:33:00.179,1,0,0,0,0
11:33:00.179,0,0,0,0,0
11:33:00.688,0,0,0,0,0
11:33:00.688,1,0,0,0,0
11:33:01.193,1,0,0,0,0
11:33:01.193,0,0,0,0,0
11:33:01.774,0,0,0,0,0
11:33:01.774,1,0,0,0,0
11:33:02.285,1,0,0,0,0
11:33:02.285,0,0,0,0,0
11:33:02.785,0,0,0,0,0
11:33:02.785,1,0,0,0,0
11:33:03.286,1,0,0,0,0
11:33:03.286,0,0,0,0,0
11:33:03.799,0,0,0,0,0
11:33:03.799,1,0,0,0,0
11:33:04.342,1,0,0,0,0
11:33:04.342,0,0,0,0,0
11:33:04.939,0,0,0,0,0
11:33:04.939,1,0,0,0,0
11:33:05.446,1,0,0,0,0
11:33:05.446,0,0,0,0,0
11:33:05.961,0,0,0,0,0
11:33:05.961,1,0,0,0,0
11:33:06.471,1,0,0,0,0
11:33:06.471,0,0,0,0,0
11:33:06.974,0,0,0,0,0
11:33:06.974,1,0,0,0,0
11:33:07.510,1,0,0,0,0
11:33:07.510,0,0,0,0,0
11:33:08.118,0,0,0,0,0
11:33:08.118,1,0,0,0,0
11:33:08.625,1,0,0,0,0
11:33:08.625,0,0,0,0,0
11:33:09.129,0,0,0,0,0
11:33:09.129,1,0,0,0,0
11:33:09.628,1,0,0,0,0
11:33:09.628,0,0,0,0,0
11:33:10.141,0,0,0,0,0
11:33:10.141,1,0,0,0,0
11:33:10.641,1,0,0,0,0
11:33:10.641,0,0,0,0,0
11:33:11.159,0,0,0,0,0
11:33:11.159,1,0,0,0,0
11:33:11.779,1,0,0,0,0
11:33:11.779,0,0,0,0,0
11:33:12.290,0,0,0,0,0
11:33:12.290,1,0,0,0,0
11:33:12.802,1,0,0,0,0
11:33:12.802,0,0,0,0,0
11:33:13.316,0,0,0,0,0
11:33:13.316,1,0,0,0,0
11:33:13.816,1,0,0,0,0
11:33:13.816,0,0,0,0,0
11:33:14.364,0,0,0,0,0
11:33:14.364,1,0,0,0,0
11:33:14.952,1,0,0,0,0
11:33:14.952,0,0,0,0,0
11:33:15.452,0,0,0,0,0
11:33:15.452,1,0,0,0,0
11:33:15.966,1,0,0,0,0
11:33:15.966,0,0,0,0,0
11:33:16.480,0,0,0,0,0
11:33:16.480,1,0,0,0,0
11:33:16.981,1,0,0,0,0
11:33:16.981,0,0,0,0,0
11:33:17.493,0,0,0,0,0
11:33:17.493,1,0,0,0,0
11:33:18.004,1,0,0,0,0
11:33:18.004,0,0,0,0,0
11:33:18.599,0,0,0,0,0
11:33:18.599,1,0,0,0,0
11:33:19.113,1,0,0,0,0
11:33:19.113,0,0,0,0,0
11:33:19.612,0,0,0,0,0
11:33:19.612,1,0,0,0,0
11:33:20.125,1,0,0,0,0
11:33:20.125,0,0,0,0,0
11:33:20.638,0,0,0,0,0
11:33:20.638,1,0,0,0,0
11:33:21.139,1,0,0,0,0
11:33:21.139,0,0,0,0,0
11:33:21.673,0,0,0,0,0
11:33:21.673,1,0,0,0,0
11:33:22.260,1,0,0,0,0
11:33:22.260,0,0,0,0,0
11:33:22.770,0,0,0,0,0
11:33:22.770,1,0,0,0,0
11:33:23.283,1,0,0,0,0
11:33:23.283,0,0,0,0,0
11:33:23.796,0,0,0,0,0
11:33:23.796,1,0,0,0,0
11:33:24.308,1,0,0,0,0
11:33:24.308,0,0,0,0,0
11:33:24.820,0,0,0,0,0
11:33:24.820,1,0,0,0,0
11:33:25.340,1,0,0,0,0
11:33:25.340,0,0,0,0,0
11:33:25.923,0,0,0,0,0
11:33:25.923,1,0,0,0,0
11:33:26.424,1,0,0,0,0
11:33:26.424,0,0,0,0,0
11:33:26.933,0,0,0,0,0
11:33:26.933,1,0,0,0,0
11:33:27.433,1,0,0,0,0
11:33:27.433,0,0,0,0,0
11:33:27.946,0,0,0,0,0
11:33:27.946,1,0,0,0,0
11:33:28.461,1,0,0,0,0
11:33:28.461,0,0,0,0,0
11:33:28.996,0,0,0,0,0
11:33:28.996,1,0,0,0,0
11:33:29.599,1,0,0,0,0
11:33:29.599,0,0,0,0,0
11:33:30.105,0,0,0,0,0
11:33:30.105,1,0,0,0,0
11:33:30.615,1,0,0,0,0
11:33:30.615,0,0,0,0,0
11:33:31.130,0,0,0,0,0
11:33:31.130,1,0,0,0,0
11:33:31.643,1,0,0,0,0
11:33:31.643,0,0,0,0,0
11:33:32.157,0,0,0,0,0
11:33:32.157,1,0,0,0,0
11:33:32.789,1,0,0,0,0
11:33:32.789,0,0,0,0,0
11:33:33.291,0,0,0,0,0
11:33:33.291,1,0,0,0,0
11:33:33.804,1,0,0,0,0
11:33:33.804,0,0,0,0,0
11:33:34.318,0,0,0,0,0
11:33:34.318,1,0,0,0,0
11:33:34.829,1,0,0,0,0
11:33:34.829,0,0,0,0,0
11:33:35.361,0,0,0,0,0
11:33:35.361,1,0,0,0,0
11:33:35.936,1,0,0,0,0
11:33:35.936,0,0,0,0,0
11:33:36.444,0,0,0,0,0
11:33:36.444,1,0,0,0,0
11:33:36.958,1,0,0,0,0
11:33:36.958,0,0,0,0,0
11:33:37.472,0,0,0,0,0
11:33:37.472,1,0,0,0,0
11:33:37.972,1,0,0,0,0
11:33:37.972,0,0,0,0,0
11:33:38.474,0,0,0,0,0
11:33:38.474,1,0,0,0,0
11:33:39.019,1,0,0,0,0
11:33:39.019,0,0,0,0,0
11:33:39.644,0,0,0,0,0
11:33:39.644,1,0,0,0,0
11:33:40.148,1,0,0,0,0
11:33:40.148,0,0,0,0,0
11:33:40.649,0,0,0,0,0
11:33:40.649,1,0,0,0,0
11:33:41.158,1,0,0,0,0
11:33:41.158,0,0,0,0,0
11:33:41.671,0,0,0,0,0
11:33:41.671,1,0,0,0,0
11:33:42.202,1,0,0,0,0
11:33:42.202,0,0,0,0,0
11:33:42.807,0,0,0,0,0
11:33:42.807,1,0,0,0,0
11:33:43.316,1,0,0,0,0
11:33:43.316,0,0,0,0,0
11:33:43.816,0,0,0,0,0
11:33:43.816,1,0,0,0,0
11:33:44.317,1,0,0,0,0
11:33:44.317,0,0,0,0,0
11:33:44.830,0,0,0,0,0
11:33:44.830,1,0,0,0,0
11:33:45.341,1,0,0,0,0
11:33:45.341,0,0,0,0,0
11:33:45.873,0,0,0,0,0
11:33:45.873,1,0,0,0,0
11:33:46.457,1,0,0,0,0
11:33:46.457,0,0,0,0,0
11:33:46.959,0,0,0,0,0
11:33:46.959,1,0,0,0,0
11:33:47.474,1,0,0,0,0
11:33:47.474,0,0,0,0,0
11:33:47.988,0,0,0,0,0
11:33:47.988,1,0,0,0,0
11:33:48.502,1,0,0,0,0
11:33:48.502,0,0,0,0,0
11:33:49.014,0,0,0,0,0
11:33:49.014,1,0,0,0,0
11:33:49.530,1,0,0,0,0
11:33:49.530,0,0,0,0,0
11:33:50.146,0,0,0,0,0
11:33:50.146,1,0,0,0,0
11:33:50.647,1,0,0,0,0
11:33:50.647,0,0,0,0,0
11:33:51.161,0,0,0,0,0
11:33:51.161,1,0,0,0,0
11:33:51.674,1,0,0,0,0
11:33:51.674,0,0,0,0,0
11:33:52.174,0,0,0,0,0
11:33:52.174,1,0,0,0,0
11:33:52.675,1,0,0,0,0
11:33:52.675,0,0,0,0,0
11:33:53.191,0,0,0,0,0
11:33:53.191,1,0,0,0,0
11:33:53.801,1,0,0,0,0
11:33:53.801,0,0,0,0,0
11:33:54.306,0,0,0,0,0
11:33:54.306,1,0,0,0,0
11:33:54.819,1,0,0,0,0
11:33:54.819,0,0,0,0,0
11:33:55.320,0,0,0,0,0
11:33:55.320,1,0,0,0,0
11:33:55.831,1,0,0,0,0
11:33:55.831,0,0,0,0,0
11:33:56.331,0,0,0,0,0
11:33:56.331,1,0,0,0,0
11:33:56.872,1,0,0,0,0
11:33:56.872,0,0,0,0,0
11:33:57.456,0,0,0,0,0
11:33:57.456,1,0,0,0,0
11:33:57.970,1,0,0,0,0
11:33:57.970,0,0,0,0,0
11:33:58.481,0,0,0,0,0
11:33:58.481,1,0,0,0,0
11:33:58.991,1,0,0,0,0
11:33:58.991,0,0,0,0,0
11:33:59.490,0,0,0,0,0
11:33:59.490,1,0,0,0,0
11:34:00.002,1,0,0,0,0
11:34:00.002,0,0,0,0,0
11:34:00.527,0,0,0,0,0
11:34:00.527,1,0,0,0,0
11:34:01.101,1,0,0,0,0
11:34:01.101,0,0,0,0,0
11:34:01.601,0,0,0,0,0
11:34:01.601,1,0,0,0,0
11:34:02.110,1,0,0,0,0
11:34:02.110,0,0,0,0,0
11:34:02.625,0,0,0,0,0
11:34:02.625,1,0,0,0,0
11:34:03.135,1,0,0,0,0
11:34:03.135,0,0,0,0,0
11:34:03.636,0,0,0,0,0
11:34:03.636,1,0,0,0,0
11:34:04.178,1,0,0,0,0
11:34:04.178,0,0,0,0,0
11:34:04.769,0,0,0,0,0
11:34:04.769,1,0,0,0,0
11:34:05.268,1,0,0,0,0
11:34:05.268,0,0,0,0,0
11:34:05.782,0,0,0,0,0
11:34:05.782,1,0,0,0,0
11:34:06.296,1,0,0,0,0
11:34:06.296,0,0,0,0,0
11:34:06.801,0,0,0,0,0
11:34:06.801,1,0,0,0,0
11:34:07.312,1,0,0,0,0
11:34:07.312,0,0,0,0,0
11:34:07.825,0,0,0,0,0
11:34:07.825,1,0,0,0,0
11:34:08.428,1,0,0,0,0
11:34:08.428,0,0,0,0,0
11:34:08.935,0,0,0,0,0
11:34:08.935,1,0,0,0,0
11:34:09.448,1,0,0,0,0
11:34:09.448,0,0,0,0,0
11:34:09.959,0,0,0,0,0
11:34:09.959,1,0,0,0,0
11:34:10.473,1,0,0,0,0
11:34:10.473,0,0,0,0,0
11:34:11.019,0,0,0,0,0
11:34:11.019,1,0,0,0,0
11:34:11.607,1,0,0,0,0
11:34:11.607,0,0,0,0,0
11:34:12.121,0,0,0,0,0
11:34:12.121,1,0,0,0,0
11:34:12.634,1,0,0,0,0
11:34:12.634,0,0,0,0,0
11:34:13.134,0,0,0,0,0
11:34:13.134,1,0,0,0,0
11:34:13.648,1,0,0,0,0
11:34:13.648,0,0,0,0,0
11:34:14.196,0,0,0,0,0
11:34:14.196,1,0,0,0,0
11:34:14.798,1,0,0,0,0
11:34:14.798,0,0,0,0,0
11:34:15.312,0,0,0,0,0
11:34:15.312,1,0,0,0,0
11:34:15.826,1,0,0,0,0
11:34:15.826,0,0,0,0,0
11:34:16.337,0,0,0,0,0
11:34:16.337,1,0,0,0,0
11:34:16.852,1,0,0,0,0
11:34:16.852,0,0,0,0,0
11:34:17.413,0,0,0,0,0
11:34:17.413,1,0,0,0,0
11:34:17.972,1,0,0,0,0
11:34:17.972,0,0,0,0,0
11:34:18.482,0,0,0,0,0
11:34:18.482,1,0,0,0,0
11:34:18.983,1,0,0,0,0
11:34:18.983,0,0,0,0,0
11:34:19.496,0,0,0,0,0
11:34:19.496,1,0,0,0,0
11:34:20.010,1,0,0,0,0
11:34:20.010,0,0,0,0,0
11:34:20.520,0,0,0,0,0
11:34:20.520,1,0,0,0,0
11:34:21.036,1,0,0,0,0
11:34:21.036,0,0,0,0,0
11:34:21.625,0,0,0,0,0
11:34:21.625,1,0,0,0,0
11:34:22.125,1,0,0,0,0
11:34:22.125,0,0,0,0,0
11:34:22.635,0,0,0,0,0
11:34:22.635,1,0,0,0,0
11:34:23.148,1,0,0,0,0
11:34:23.148,0,0,0,0,0
11:34:23.662,0,0,0,0,0
11:34:23.662,1,0,0,0,0
11:34:24.164,1,0,0,0,0
11:34:24.164,0,0,0,0,0
11:34:24.702,0,0,0,0,0
11:34:24.702,1,0,0,0,0
11:34:25.293,1,0,0,0,0
11:34:25.293,0,0,0,0,0
11:34:25.797,0,0,0,0,0
11:34:25.797,1,0,0,0,0
11:34:26.307,1,0,0,0,0
11:34:26.307,0,0,0,0,0
11:34:26.807,0,0,0,0,0
11:34:26.807,1,0,0,0,0
11:34:27.318,1,0,0,0,0
11:34:27.318,0,0,0,0,0
11:34:27.830,0,0,0,0,0
11:34:27.830,1,0,0,0,0
11:34:28.358,1,0,0,0,0
11:34:28.358,0,0,0,0,0
11:34:28.948,0,0,0,0,0
11:34:28.948,1,0,0,0,0
11:34:29.459,1,0,0,0,0
11:34:29.459,0,0,0,0,0
11:34:29.959,0,0,0,0,0
11:34:29.959,1,0,0,0,0
11:34:30.473,1,0,0,0,0
11:34:30.473,0,0,0,0,0
11:34:30.985,0,0,0,0,0
11:34:30.985,1,0,0,0,0
11:34:31.538,1,0,0,0,0
11:34:31.538,0,0,0,0,0
11:34:32.140,0,0,0,0,0
11:34:32.140,1,0,0,0,0
11:34:32.651,1,0,0,0,0
11:34:32.651,0,0,0,0,0
11:34:33.163,0,0,0,0,0
11:34:33.163,1,0,0,0,0
11:34:33.677,1,0,0,0,0
11:34:33.677,0,0,0,0,0
11:34:34.178,0,0,0,0,0
11:34:34.178,1,0,0,0,0
11:34:34.723,1,0,0,0,0
11:34:34.723,0,0,0,0,0
11:34:35.320,0,0,0,0,0
11:34:35.320,1,0,0,0,0
11:34:35.829,1,0,0,0,0
11:34:35.829,0,0,0,0,0
11:34:36.340,0,0,0,0,0
11:34:36.340,1,0,0,0,0
11:34:36.852,1,0,0,0,0
11:34:36.852,0,0,0,0,0
11:34:37.366,0,0,0,0,0
11:34:37.366,1,0,0,0,0
11:34:37.866,1,0,0,0,0
11:34:37.866,0,0,0,0,0
11:34:38.384,0,0,0,0,0
11:34:38.384,1,0,0,0,0
11:34:38.996,1,0,0,0,0
11:34:38.996,0,0,0,0,0
11:34:39.500,0,0,0,0,0
11:34:39.500,1,0,0,0,0
11:34:40.007,1,0,0,0,0
11:34:40.007,0,0,0,0,0
11:34:40.510,0,0,0,0,0
11:34:40.510,1,0,0,0,0
11:34:41.011,1,0,0,0,0
11:34:41.011,0,0,0,0,0
11:34:41.524,0,0,0,0,0
11:34:41.524,1,0,0,0,0
11:34:42.041,1,0,0,0,0
11:34:42.041,0,0,0,0,0
11:34:42.631,0,0,0,0,0
11:34:42.631,1,0,0,0,0
11:34:43.141,1,0,0,0,0
11:34:43.141,0,0,0,0,0
11:34:43.642,0,0,0,0,0
11:34:43.642,1,0,0,0,0
11:34:44.156,1,0,0,0,0
11:34:44.156,0,0,0,0,0
11:34:44.669,0,0,0,0,0
11:34:44.669,1,0,0,0,0
11:34:45.184,1,0,0,0,0
11:34:45.184,0,0,0,0,0
11:34:45.685,0,0,0,0,0
11:34:45.685,1,0,0,0,0
11:34:46.271,1,0,0,0,0
11:34:46.271,0,0,0,0,0
11:34:46.773,0,0,0,0,0
11:34:46.773,1,0,0,0,0
11:34:47.272,1,0,0,0,0
11:34:47.272,0,0,0,0,0
11:34:47.784,0,0,0,0,0
11:34:47.784,1,0,0,0,0
11:34:48.297,1,0,0,0,0
11:34:48.297,0,0,0,0,0
11:34:48.848,0,0,0,0,0
11:34:48.848,1,0,0,0,0
11:34:49.436,1,0,0,0,0
11:34:49.436,0,0,0,0,0
11:34:49.950,0,0,0,0,0
11:34:49.950,1,0,0,0,0
11:34:50.461,1,0,0,0,0
11:34:50.461,0,0,0,0,0
11:34:50.970,0,0,0,0,0
11:34:50.970,1,0,0,0,0
11:34:51.484,1,0,0,0,0
11:34:51.484,0,0,0,0,0
11:34:52.028,0,0,0,0,0
11:34:52.028,1,0,0,0,0
11:34:52.611,1,0,0,0,0
11:34:52.611,0,0,0,0,0
11:34:53.111,0,0,0,0,0
11:34:53.111,1,0,0,0,0
11:34:53.620,1,0,0,0,0
11:34:53.620,0,0,0,0,0
11:34:54.130,0,0,0,0,0
11:34:54.130,1,0,0,0,0
11:34:54.643,1,0,0,0,0
11:34:54.643,0,0,0,0,0
11:34:55.144,0,0,0,0,0
11:34:55.144,1,0,0,0,0
11:34:55.656,1,0,0,0,0
11:34:55.656,0,0,0,0,0
11:34:56.172,0,0,0,0,0
11:34:56.172,1,0,0,0,0
11:34:56.765,1,0,0,0,0
11:34:56.765,0,0,0,0,0
11:34:57.273,0,0,0,0,0
11:34:57.273,1,0,0,0,0
11:34:57.786,1,0,0,0,0
11:34:57.786,0,0,0,0,0
11:34:58.300,0,0,0,0,0
11:34:58.300,1,0,0,0,0
11:34:58.801,1,0,0,0,0
11:34:58.801,0,0,0,0,0
11:34:59.312,0,0,0,0,0
11:34:59.312,1,0,0,0,0
11:34:59.840,1,0,0,0,0
11:34:59.840,0,0,0,0,0
11:35:00.431,0,0,0,0,0
11:35:00.431,1,0,0,0,0
11:35:00.945,1,0,0,0,0
11:35:00.945,0,0,0,0,0
11:35:01.457,0,0,0,0,0
11:35:01.457,1,0,0,0,0
11:35:01.971,1,0,0,0,0
11:35:01.971,0,0,0,0,0
11:35:02.479,0,0,0,0,0
11:35:02.479,1,0,0,0,0
11:35:03.029,1,0,0,0,0
11:35:03.029,0,0,0,0,0
11:35:03.612,0,0,0,0,0
11:35:03.612,1,0,0,0,0
11:35:04.118,1,0,0,0,0
11:35:04.118,0,0,0,0,0
11:35:04.628,0,0,0,0,0
11:35:04.628,1,0,0,0,0
11:35:05.140,1,0,0,0,0
11:35:05.140,0,0,0,0,0
11:35:05.655,0,0,0,0,0
11:35:05.655,1,0,0,0,0
11:35:06.184,1,0,0,0,0
11:35:06.184,0,0,0,0,0
11:35:06.769,0,0,0,0,0
11:35:06.769,1,0,0,0,0
11:35:07.273,1,0,0,0,0
11:35:07.273,0,0,0,0,0
11:35:07.787,0,0,0,0,0
11:35:07.787,1,0,0,0,0
11:35:08.287,1,0,0,0,0
11:35:08.287,0,0,0,0,0
11:35:08.801,0,0,0,0,0
11:35:08.801,1,0,0,0,0
11:35:09.314,1,0,0,0,0
11:35:09.314,0,0,0,0,0
11:35:09.846,0,0,0,0,0
11:35:09.846,1,0,0,0,0
11:35:10.386,1,0,0,0,0
11:35:10.386,0,0,0,0,0
11:35:10.898,0,0,0,0,0
11:35:10.898,1,0,0,0,0
11:35:11.399,1,0,0,0,0
11:35:11.399,0,0,0,0,0
11:35:11.909,0,0,0,0,0
11:35:11.909,1,0,0,0,0
11:35:12.409,1,0,0,0,0
11:35:12.409,0,0,0,0,0
11:35:12.922,0,0,0,0,0
11:35:12.922,1,0,0,0,0
11:35:13.440,1,0,0,0,0
11:35:13.440,0,0,0,0,0
11:35:14.050,0,0,0,0,0
11:35:14.050,1,0,0,0,0
11:35:14.563,1,0,0,0,0
11:35:14.563,0,0,0,0,0
11:35:15.076,0,0,0,0,0
11:35:15.076,1,0,0,0,0
11:35:15.577,1,0,0,0,0
11:35:15.577,0,0,0,0,0
11:35:16.091,0,0,0,0,0
11:35:16.091,1,0,0,0,0
11:35:16.622,1,0,0,0,0
11:35:16.622,0,0,0,0,0
11:35:17.195,0,0,0,0,0
11:35:17.195,1,0,0,0,0
11:35:17.696,1,0,0,0,0
11:35:17.696,0,0,0,0,0
11:35:18.211,0,0,0,0,0
11:35:18.211,1,0,0,0,0
11:35:18.723,1,0,0,0,0
11:35:18.723,0,0,0,0,0
11:35:19.234,0,0,0,0,0
11:35:19.234,1,0,0,0,0
11:35:19.748,1,0,0,0,0
11:35:19.748,0,0,0,0,0
11:35:20.281,0,0,0,0,0
11:35:20.281,1,0,0,0,0
11:35:20.882,1,0,0,0,0
11:35:20.882,0,0,0,0,0
11:35:21.396,0,0,0,0,0
11:35:21.396,1,0,0,0,0
11:35:21.906,1,0,0,0,0
11:35:21.906,0,0,0,0,0
11:35:22.418,0,0,0,0,0
11:35:22.418,1,0,0,0,0
11:35:22.930,1,0,0,0,0
11:35:22.930,0,0,0,0,0
11:35:23.479,0,0,0,0,0
11:35:23.479,1,0,0,0,0
11:35:24.094,1,0,0,0,0
11:35:24.094,0,0,0,0,0
11:35:24.598,0,0,0,0,0
11:35:24.598,1,0,0,0,0
11:35:25.113,1,0,0,0,0
11:35:25.113,0,0,0,0,0
11:35:25.624,0,0,0,0,0
11:35:25.624,1,0,0,0,0
11:35:26.138,1,0,0,0,0
11:35:26.138,0,0,0,0,0
11:35:26.660,0,0,0,0,0
11:35:26.660,1,0,0,0,0
11:35:27.162,1,0,0,0,0
11:35:27.162,0,0,0,0,0
11:35:27.667,0,0,0,0,0
11:35:27.667,1,0,0,0,0
11:35:28.169,1,0,0,0,0
11:35:28.169,0,0,0,0,0
11:35:28.679,0,0,0,0,0
11:35:28.679,1,0,0,0,0
11:35:29.179,1,0,0,0,0
11:35:29.179,0,0,0,0,0
11:35:29.692,0,0,0,0,0
11:35:29.692,1,0,0,0,0
11:35:30.205,1,0,0,0,0
11:35:30.205,0,0,0,0,0
11:35:30.711,0,0,0,0,0
11:35:30.711,1,0,0,0,0
11:35:31.214,1,0,0,0,0
11:35:31.214,0,0,0,0,0
11:35:31.864,0,0,0,0,0
11:35:31.864,1,0,0,0,0
11:35:32.365,1,0,0,0,0
11:35:32.365,0,0,0,0,0
11:35:32.877,0,0,0,0,0
11:35:32.877,1,0,0,0,0
11:35:33.389,1,0,0,0,0
11:35:33.389,0,0,0,0,0
11:35:33.904,0,0,0,0,0
11:35:33.904,1,0,0,0,0
11:35:34.415,1,0,0,0,0
11:35:34.415,0,0,0,0,0
11:35:34.969,0,0,0,0,0
11:35:34.969,1,0,0,0,0
11:35:35.617,1,0,0,0,0
11:35:35.617,0,0,0,0,0
11:35:36.131,0,0,0,0,0
11:35:36.131,1,0,0,0,0
11:35:36.645,1,0,0,0,0
11:35:36.645,0,0,0,0,0
11:35:37.159,0,0,0,0,0
11:35:37.159,1,0,0,0,0
11:35:37.672,1,0,0,0,0
11:35:37.672,0,0,0,0,0
11:35:38.227,0,0,0,0,0
11:35:38.227,1,0,0,0,0
11:35:38.831,1,0,0,0,0
11:35:38.831,0,0,0,0,0
11:35:39.338,0,0,0,0,0
11:35:39.338,1,0,0,0,0
11:35:39.838,1,0,0,0,0
11:35:39.838,0,0,0,0,0
11:35:40.351,0,0,0,0,0
11:35:40.351,1,0,0,0,0
11:35:40.865,1,0,0,0,0
11:35:40.865,0,0,0,0,0
11:35:41.398,0,0,0,0,0
11:35:41.398,1,0,0,0,0
11:35:41.979,1,0,0,0,0
11:35:41.979,0,0,0,0,0
11:35:42.480,0,0,0,0,0
11:35:42.480,1,0,0,0,0
11:35:42.995,1,0,0,0,0
11:35:42.995,0,0,0,0,0
11:35:43.509,0,0,0,0,0
11:35:43.509,1,0,0,0,0
11:35:44.023,1,0,0,0,0
11:35:44.023,0,0,0,0,0
11:35:44.536,0,0,0,0,0
11:35:44.536,1,0,0,0,0
11:35:45.072,1,0,0,0,0
11:35:45.072,0,0,0,0,0
11:35:45.690,0,0,0,0,0
11:35:45.690,1,0,0,0,0
11:35:46.201,1,0,0,0,0
11:35:46.201,0,0,0,0,0
11:35:46.702,0,0,0,0,0
11:35:46.702,1,0,0,0,0
11:35:47.210,1,0,0,0,0
11:35:47.210,0,0,0,0,0
11:35:47.724,0,0,0,0,0
11:35:47.724,1,0,0,0,0
11:35:48.224,1,0,0,0,0
11:35:48.224,0,0,0,0,0
11:35:48.773,0,0,0,0,0
11:35:48.773,1,0,0,0,0
11:35:49.366,1,0,0,0,0
11:35:49.366,0,0,0,0,0
11:35:49.870,0,0,0,0,0
11:35:49.870,1,0,0,0,0
11:35:50.381,1,0,0,0,0
11:35:50.381,0,0,0,0,0
11:35:50.893,0,0,0,0,0
11:35:50.893,1,0,0,0,0
11:35:51.409,1,0,0,0,0
11:35:51.409,0,0,0,0,0
11:35:51.922,0,0,0,0,0
11:35:51.922,1,0,0,0,0
11:35:52.430,1,0,0,0,0
11:35:52.430,0,0,0,0,0
11:35:53.035,0,0,0,0,0
11:35:53.035,1,0,0,0,0
11:35:53.551,1,0,0,0,0
11:35:53.551,0,0,0,0,0
11:35:54.054,0,0,0,0,0
11:35:54.054,1,0,0,0,0
11:35:54.561,1,0,0,0,0
11:35:54.561,0,0,0,0,0
11:35:55.063,0,0,0,0,0
11:35:55.063,1,0,0,0,0
11:35:55.577,1,0,0,0,0
11:35:55.577,0,0,0,0,0
11:35:56.097,0,0,0,0,0
11:35:56.097,1,0,0,0,0
11:35:56.693,1,0,0,0,0
11:35:56.693,0,0,0,0,0
11:35:57.198,0,0,0,0,0
11:35:57.198,1,0,0,0,0
11:35:57.698,1,0,0,0,0
11:35:57.698,0,0,0,0,0
11:35:58.210,0,0,0,0,0
11:35:58.210,1,0,0,0,0
11:35:58.723,1,0,0,0,0
11:35:58.723,0,0,0,0,0
11:35:59.232,0,0,0,0,0
11:35:59.232,1,0,0,0,0
11:35:59.762,1,0,0,0,0
11:35:59.762,0,0,0,0,0
11:36:00.365,0,0,0,0,0
11:36:00.365,1,0,0,0,0
11:36:00.867,1,0,0,0,0
11:36:00.867,0,0,0,0,0
11:36:01.371,0,0,0,0,0
11:36:01.371,1,0,0,0,0
11:36:01.876,1,0,0,0,0
11:36:01.876,0,0,0,0,0
11:36:02.389,0,0,0,0,0
11:36:02.389,1,0,0,0,0
11:36:02.890,1,0,0,0,0
11:36:02.890,0,0,0,0,0
11:36:03.404,0,0,0,0,0
11:36:03.404,1,0,0,0,0
11:36:03.934,1,0,0,0,0
11:36:03.934,0,0,0,0,0
11:36:04.523,0,0,0,0,0
11:36:04.523,1,0,0,0,0
11:36:05.037,1,0,0,0,0
11:36:05.037,0,0,0,0,0
11:36:05.537,0,0,0,0,0
11:36:05.537,1,0,0,0,0
11:36:06.048,1,0,0,0,0
11:36:06.048,0,0,0,0,0
11:36:06.561,0,0,0,0,0
11:36:06.561,1,0,0,0,0
11:36:07.103,1,0,0,0,0
11:36:07.103,0,0,0,0,0
11:36:07.703,0,0,0,0,0
11:36:07.703,1,0,0,0,0
11:36:08.208,1,0,0,0,0
11:36:08.208,0,0,0,0,0
11:36:08.712,0,0,0,0,0
11:36:08.712,1,0,0,0,0
11:36:09.219,1,0,0,0,0
11:36:09.219,0,0,0,0,0
11:36:09.720,0,0,0,0,0
11:36:09.720,1,0,0,0,0
11:36:10.233,1,0,0,0,0
11:36:10.233,0,0,0,0,0
11:36:10.761,0,0,0,0,0
11:36:10.761,1,0,0,0,0
11:36:11.347,1,0,0,0,0
11:36:11.347,0,0,0,0,0
11:36:11.849,0,0,0,0,0
11:36:11.849,1,0,0,0,0
11:36:12.359,1,0,0,0,0
11:36:12.359,0,0,0,0,0
11:36:12.860,0,0,0,0,0
11:36:12.860,1,0,0,0,0
11:36:13.370,1,0,0,0,0
11:36:13.370,0,0,0,0,0
11:36:13.870,0,0,0,0,0
11:36:13.870,1,0,0,0,0
11:36:14.396,1,0,0,0,0
11:36:14.396,0,0,0,0,0
11:36:14.981,0,0,0,0,0
11:36:14.981,1,0,0,0,0
11:36:15.481,1,0,0,0,0
11:36:15.481,0,0,0,0,0
11:36:15.985,0,0,0,0,0
11:36:15.985,1,0,0,0,0
11:36:16.496,1,0,0,0,0
11:36:16.496,0,0,0,0,0
11:36:17.010,0,0,0,0,0
11:36:17.010,1,0,0,0,0
11:36:17.522,1,0,0,0,0
11:36:17.522,0,0,0,0,0
11:36:18.025,0,0,0,0,0
11:36:18.025,1,0,0,0,0
11:36:18.608,1,0,0,0,0
11:36:18.608,0,0,0,0,0
11:36:19.113,0,0,0,0,0
11:36:19.113,1,0,0,0,0
11:36:19.625,1,0,0,0,0
11:36:19.625,0,0,0,0,0
11:36:20.136,0,0,0,0,0
11:36:20.136,1,0,0,0,0
11:36:20.651,1,0,0,0,0
11:36:20.651,0,0,0,0,0
11:36:21.159,0,0,0,0,0
11:36:21.159,1,0,0,0,0
11:36:21.673,1,0,0,0,0
11:36:21.673,0,0,0,0,0
11:36:22.316,0,0,0,0,0
11:36:22.316,1,0,0,0,0
11:36:22.827,1,0,0,0,0
11:36:22.827,0,0,0,0,0
11:36:23.336,0,0,0,0,0
11:36:23.336,1,0,0,0,0
11:36:23.836,1,0,0,0,0
11:36:23.836,0,0,0,0,0
11:36:24.336,0,0,0,0,0
11:36:24.336,1,0,0,0,0
11:36:24.878,1,0,0,0,0
11:36:24.878,0,0,0,0,0
11:36:25.474,0,0,0,0,0
11:36:25.474,1,0,0,0,0
11:36:25.981,1,0,0,0,0
11:36:25.981,0,0,0,0,0
11:36:26.491,0,0,0,0,0
11:36:26.491,1,0,0,0,0
11:36:26.994,1,0,0,0,0
11:36:26.994,0,0,0,0,0
11:36:27.504,0,0,0,0,0
11:36:27.504,1,0,0,0,0
11:36:28.017,1,0,0,0,0
11:36:28.017,0,0,0,0,0
11:36:28.575,0,0,0,0,0
11:36:28.575,1,0,0,0,0
11:36:29.170,1,0,0,0,0
11:36:29.170,0,0,0,0,0
11:36:29.680,0,0,0,0,0
11:36:29.680,1,0,0,0,0
11:36:30.191,1,0,0,0,0
11:36:30.191,0,0,0,0,0
11:36:30.704,0,0,0,0,0
11:36:30.704,1,0,0,0,0
11:36:31.204,1,0,0,0,0
11:36:31.204,0,0,0,0,0
11:36:31.752,0,0,0,0,0
11:36:31.752,1,0,0,0,0
11:36:32.358,1,0,0,0,0
11:36:32.358,0,0,0,0,0
11:36:32.865,0,0,0,0,0
11:36:32.865,1,0,0,0,0
11:36:33.380,1,0,0,0,0
11:36:33.380,0,0,0,0,0
11:36:33.894,0,0,0,0,0
11:36:33.894,1,0,0,0,0
11:36:34.406,1,0,0,0,0
11:36:34.406,0,0,0,0,0
11:36:34.934,0,0,0,0,0
11:36:34.934,1,0,0,0,0
11:36:35.529,1,0,0,0,0
11:36:35.529,0,0,0,0,0
11:36:36.036,0,0,0,0,0
11:36:36.036,1,0,0,0,0
11:36:36.550,1,0,0,0,0
11:36:36.550,0,0,0,0,0
11:36:37.051,0,0,0,0,0
11:36:37.051,1,0,0,0,0
11:36:37.563,1,0,0,0,0
11:36:37.563,0,0,0,0,0
11:36:38.078,0,0,0,0,0
11:36:38.078,1,0,0,0,0
11:36:38.613,1,0,0,0,0
11:36:38.613,0,0,0,0,0
11:36:39.265,0,0,0,0,0
11:36:39.265,1,0,0,0,0
11:36:39.773,1,0,0,0,0
11:36:39.773,0,0,0,0,0
11:36:40.273,0,0,0,0,0
11:36:40.273,1,0,0,0,0
11:36:40.788,1,0,0,0,0
11:36:40.788,0,0,0,0,0
11:36:41.289,0,0,0,0,0
11:36:41.289,1,0,0,0,0
11:36:41.837,1,0,0,0,0
11:36:41.837,0,0,0,0,0
11:36:42.425,0,0,0,0,0
11:36:42.425,1,0,0,0,0
11:36:42.929,1,0,0,0,0
11:36:42.929,0,0,0,0,0
11:36:43.441,0,0,0,0,0
11:36:43.441,1,0,0,0,0
11:36:43.941,1,0,0,0,0
11:36:43.941,0,0,0,0,0
11:36:44.442,0,0,0,0,0
11:36:44.442,1,0,0,0,0
11:36:44.953,1,0,0,0,0
11:36:44.953,0,0,0,0,0
11:36:45.471,0,0,0,0,0
11:36:45.471,1,0,0,0,0
11:36:46.068,1,0,0,0,0
11:36:46.068,0,0,0,0,0
11:36:46.569,0,0,0,0,0
11:36:46.569,1,0,0,0,0
11:36:47.080,1,0,0,0,0
11:36:47.080,0,0,0,0,0
11:36:47.590,0,0,0,0,0
11:36:47.590,1,0,0,0,0
11:36:48.100,1,0,0,0,0
11:36:48.100,0,0,0,0,0
11:36:48.614,0,0,0,0,0
11:36:48.614,1,0,0,0,0
11:36:49.163,1,0,0,0,0
11:36:49.163,0,0,0,0,0
11:36:49.718,0,0,0,0,0
11:36:49.718,1,0,0,0,0
11:36:50.231,1,0,0,0,0
11:36:50.231,0,0,0,0,0
11:36:50.745,0,0,0,0,0
11:36:50.745,1,0,0,0,0
11:36:51.258,1,0,0,0,0
11:36:51.258,0,0,0,0,0
11:36:51.763,0,0,0,0,0
11:36:51.763,1,0,0,0,0
11:36:52.267,1,0,0,0,0
11:36:52.267,0,0,0,0,0
11:36:52.881,0,0,0,0,0
11:36:52.881,1,0,0,0,0
11:36:53.389,1,0,0,0,0
11:36:53.389,0,0,0,0,0
11:36:53.900,0,0,0,0,0
11:36:53.900,1,0,0,0,0
11:36:54.413,1,0,0,0,0
11:36:54.413,0,0,0,0,0
11:36:54.927,0,0,0,0,0
11:36:54.927,1,0,0,0,0
11:36:55.428,1,0,0,0,0
11:36:55.428,0,0,0,0,0
11:36:55.950,0,0,0,0,0
11:36:55.950,1,0,0,0,0
11:36:56.558,1,0,0,0,0
11:36:56.558,0,0,0,0,0
11:36:57.059,0,0,0,0,0
11:36:57.059,1,0,0,0,0
11:36:57.561,1,0,0,0,0
11:36:57.561,0,0,0,0,0
11:36:58.060,0,0,0,0,0
11:36:58.060,1,0,0,0,0
11:36:58.560,1,0,0,0,0
11:36:58.560,0,0,0,0,0
11:36:59.071,0,0,0,0,0
11:36:59.071,1,0,0,0,0
11:36:59.594,1,0,0,0,0
11:36:59.594,0,0,0,0,0
11:37:00.110,0,0,0,0,0
11:37:00.110,1,0,0,0,0
11:37:00.706,1,0,0,0,0
11:37:00.706,0,0,0,0,0
11:37:01.234,0,0,0,0,0
11:37:01.234,1,0,0,0,0
11:37:01.745,1,0,0,0,0
11:37:01.745,0,0,0,0,0
11:37:02.257,0,0,0,0,0
11:37:02.257,1,0,0,0,0
11:37:02.759,1,0,0,0,0
11:37:02.759,0,0,0,0,0
11:37:03.259,0,0,0,0,0
11:37:03.259,1,0,0,0,0
11:37:03.792,1,0,0,0,0
11:37:03.792,0,0,0,0,0
11:37:04.396,0,0,0,0,0
11:37:04.396,1,0,0,0,0
11:37:04.907,1,0,0,0,0
11:37:04.907,0,0,0,0,0
11:37:05.421,0,0,0,0,0
11:37:05.421,1,0,0,0,0
11:37:05.934,1,0,0,0,0
11:37:05.934,0,0,0,0,0
11:37:06.434,0,0,0,0,0
11:37:06.434,1,0,0,0,0
11:37:06.944,1,0,0,0,0
11:37:06.944,0,0,0,0,0
11:37:07.476,0,0,0,0,0
11:37:07.476,1,0,0,0,0
11:37:08.064,1,0,0,0,0
11:37:08.064,0,0,0,0,0
11:37:08.574,0,0,0,0,0
11:37:08.574,1,0,0,0,0
11:37:09.088,1,0,0,0,0
11:37:09.088,0,0,0,0,0
11:37:09.601,0,0,0,0,0
11:37:09.601,1,0,0,0,0
11:37:10.121,1,0,0,0,0
11:37:10.121,0,0,0,0,0
11:37:10.622,0,0,0,0,0
11:37:10.622,1,0,0,0,0
11:37:11.133,1,0,0,0,0
11:37:11.133,0,0,0,0,0
11:37:11.641,0,0,0,0,0
11:37:11.641,1,0,0,0,0
11:37:12.143,1,0,0,0,0
11:37:12.143,0,0,0,0,0
11:37:12.644,0,0,0,0,0
11:37:12.644,1,0,0,0,0
11:37:13.155,1,0,0,0,0
11:37:13.155,0,0,0,0,0
11:37:13.657,0,0,0,0,0
11:37:13.657,1,0,0,0,0
11:37:14.168,1,0,0,0,0
11:37:14.168,0,0,0,0,0
11:37:14.680,0,0,0,0,0
11:37:14.680,1,0,0,0,0
11:37:15.198,1,0,0,0,0
11:37:15.198,0,0,0,0,0
11:37:15.699,0,0,0,0,0
11:37:15.699,1,0,0,0,0
11:37:16.201,1,0,0,0,0
11:37:16.201,0,0,0,0,0
11:37:16.707,0,0,0,0,0
11:37:16.707,1,0,0,0,0
11:37:17.220,1,0,0,0,0
11:37:17.220,0,0,0,0,0
11:37:17.734,0,0,0,0,0
11:37:17.734,1,0,0,0,0
11:37:18.246,1,0,0,0,0
11:37:18.246,0,0,0,0,0
11:37:18.758,0,0,0,0,0
11:37:18.758,1,0,0,0,0
11:37:19.271,1,0,0,0,0
11:37:19.271,0,0,0,0,0
11:37:19.781,0,0,0,0,0
11:37:19.781,1,0,0,0,0
11:37:20.296,1,0,0,0,0
11:37:20.296,0,0,0,0,0
11:37:20.832,0,0,0,0,0
11:37:20.832,1,0,0,0,0
11:37:21.342,1,0,0,0,0
11:37:21.342,0,0,0,0,0
11:37:21.857,0,0,0,0,0
11:37:21.857,1,0,0,0,0
11:37:22.368,1,0,0,0,0
11:37:22.368,0,0,0,0,0
11:37:22.870,0,0,0,0,0
11:37:22.870,1,0,0,0,0
11:37:23.394,1,0,0,0,0
11:37:23.394,0,0,0,0,0
11:37:23.906,0,0,0,0,0
11:37:23.906,1,0,0,0,0
11:37:24.419,1,0,0,0,0
11:37:24.419,0,0,0,0,0
11:37:24.933,0,0,0,0,0
11:37:24.933,1,0,0,0,0
11:37:25.434,1,0,0,0,0
11:37:25.434,0,0,0,0,0
11:37:25.968,0,0,0,0,0
11:37:25.968,1,0,0,0,0
11:37:26.471,1,0,0,0,0
11:37:26.471,0,0,0,0,0
11:37:26.980,0,0,0,0,0
11:37:26.980,1,0,0,0,0
11:37:27.480,1,0,0,0,0
11:37:27.480,0,0,0,0,0
11:37:27.985,0,0,0,0,0
11:37:27.985,1,0,0,0,0
11:37:28.496,1,0,0,0,0
11:37:28.496,0,0,0,0,0
11:37:29.010,0,0,0,0,0
11:37:29.010,1,0,0,0,0
11:37:29.518,1,0,0,0,0
11:37:29.518,0,0,0,0,0
11:37:30.030,0,0,0,0,0
11:37:30.030,1,0,0,0,0
11:37:30.542,1,0,0,0,0
11:37:30.542,0,0,0,0,0
11:37:31.044,0,0,0,0,0
11:37:31.044,1,0,0,0,0
11:37:31.547,1,0,0,0,0
11:37:31.547,0,0,0,0,0
11:37:32.110,0,0,0,0,0
11:37:32.110,1,0,0,0,0
11:37:32.611,1,0,0,0,0
11:37:32.611,0,0,0,0,0
11:37:33.122,0,0,0,0,0
11:37:33.122,1,0,0,0,0
11:37:33.634,1,0,0,0,0
11:37:33.634,0,0,0,0,0
11:37:34.145,0,0,0,0,0
11:37:34.145,1,0,0,0,0
11:37:34.646,1,0,0,0,0
11:37:34.646,0,0,0,0,0
11:37:35.158,0,0,0,0,0
11:37:35.158,1,0,0,0,0
11:37:35.658,1,0,0,0,0
11:37:35.658,0,0,0,0,0
11:37:36.171,0,0,0,0,0
11:37:36.171,1,0,0,0,0
11:37:36.675,1,0,0,0,0
11:37:36.675,0,0,0,0,0
11:37:37.188,0,0,0,0,0
11:37:37.188,1,0,0,0,0
11:37:37.689,1,0,0,0,0
11:37:37.689,0,0,0,0,0
11:37:38.199,0,0,0,0,0
11:37:38.199,1,0,0,0,0
11:37:38.701,1,0,0,0,0
11:37:38.701,0,0,0,0,0
11:37:39.213,0,0,0,0,0
11:37:39.213,1,0,0,0,0
11:37:39.726,1,0,0,0,0
11:37:39.726,0,0,0,0,0
11:37:40.240,0,0,0,0,0
11:37:40.240,1,0,0,0,0
11:37:40.741,1,0,0,0,0
11:37:40.741,0,0,0,0,0
11:37:41.255,0,0,0,0,0
11:37:41.255,1,0,0,0,0
11:37:41.756,1,0,0,0,0
11:37:41.756,0,0,0,0,0
11:37:42.265,0,0,0,0,0
11:37:42.265,1,0,0,0,0
11:37:42.770,1,0,0,0,0
11:37:42.770,0,0,0,0,0
11:37:43.282,0,0,0,0,0
11:37:43.282,1,0,0,0,0
11:37:43.784,1,0,0,0,0
11:37:43.784,0,0,0,0,0
11:37:44.284,0,0,0,0,0
11:37:44.284,1,0,0,0,0
11:37:44.785,1,0,0,0,0
11:37:44.785,0,0,0,0,0
11:37:45.299,0,0,0,0,0
11:37:45.299,1,0,0,0,0
11:37:45.802,1,0,0,0,0
11:37:45.802,0,0,0,0,0
11:37:46.312,0,0,0,0,0
11:37:46.312,1,0,0,0,0
11:37:46.814,1,0,0,0,0
11:37:46.814,0,0,0,0,0
11:37:47.326,0,0,0,0,0
11:37:47.326,1,0,0,0,0
11:37:47.827,1,0,0,0,0
11:37:47.827,0,0,0,0,0
11:37:48.332,0,0,0,0,0
11:37:48.332,1,0,0,0,0
11:37:48.833,1,0,0,0,0
11:37:48.833,0,0,0,0,0
11:37:49.332,0,0,0,0,0
11:37:49.332,1,0,0,0,0
11:37:49.847,1,0,0,0,0
11:37:49.847,0,0,0,0,0
11:37:50.359,0,0,0,0,0
11:37:50.359,1,0,0,0,0
11:37:50.871,1,0,0,0,0
11:37:50.871,0,0,0,0,0
11:37:51.376,0,0,0,0,0
11:37:51.376,1,0,0,0,0
11:37:51.886,1,0,0,0,0
11:37:51.886,0,0,0,0,0
11:37:52.397,0,0,0,0,0
11:37:52.397,1,0,0,0,0
11:37:52.980,1,0,0,0,0
11:37:52.980,0,0,0,0,0
11:37:53.485,0,0,0,0,0
11:37:53.485,1,0,0,0,0
11:37:53.995,1,0,0,0,0
11:37:53.995,0,0,0,0,0
11:37:54.494,0,0,0,0,0
11:37:54.494,1,0,0,0,0
11:37:55.026,1,0,0,0,0
11:37:55.026,0,0,0,0,0
11:37:55.572,0,0,0,0,0
11:37:55.572,1,0,0,0,0
11:37:56.077,1,0,0,0,0
11:37:56.077,0,0,0,0,0
11:37:56.583,0,0,0,0,0
11:37:56.583,1,0,0,0,0
11:37:57.095,1,0,0,0,0
11:37:57.095,0,0,0,0,0
11:37:57.598,0,0,0,0,0
11:37:57.598,1,0,0,0,0
11:37:58.149,1,0,0,0,0
11:37:58.149,0,0,0,0,0
11:37:58.661,0,0,0,0,0
11:37:58.661,1,0,0,0,0
11:37:59.168,1,0,0,0,0
11:37:59.168,0,0,0,0,0
11:37:59.671,0,0,0,0,0
11:37:59.671,1,0,0,0,0
11:38:00.185,1,0,0,0,0
11:38:00.185,0,0,0,0,0
11:38:00.692,0,0,0,0,0
11:38:00.692,1,0,0,0,0
11:38:01.195,1,0,0,0,0
11:38:01.195,0,0,0,0,0
11:38:01.697,0,0,0,0,0
11:38:01.697,1,0,0,0,0
11:38:02.210,1,0,0,0,0
11:38:02.210,0,0,0,0,0
11:38:02.723,0,0,0,0,0
11:38:02.723,1,0,0,0,0
11:38:03.228,1,0,0,0,0
11:38:03.228,0,0,0,0,0
11:38:03.736,0,0,0,0,0
11:38:03.736,1,0,0,0,0
11:38:04.250,1,0,0,0,0
11:38:04.250,0,0,0,0,0
11:38:04.750,0,0,0,0,0
11:38:04.750,1,0,0,0,0
11:38:05.251,1,0,0,0,0
11:38:05.251,0,0,0,0,0
11:38:05.761,0,0,0,0,0
11:38:05.761,1,0,0,0,0
11:38:06.270,1,0,0,0,0
11:38:06.270,0,0,0,0,0
11:38:06.806,0,0,0,0,0
11:38:06.806,1,0,0,0,0
11:38:07.326,1,0,0,0,0
11:38:07.326,0,0,0,0,0
11:38:07.835,0,0,0,0,0
11:38:07.835,1,0,0,0,0
11:38:08.336,1,0,0,0,0
11:38:08.336,0,0,0,0,0
11:38:08.847,0,0,0,0,0
11:38:08.847,1,0,0,0,0
11:38:09.346,1,0,0,0,0
11:38:09.346,0,0,0,0,0
11:38:09.877,0,0,0,0,0
11:38:09.877,1,0,0,0,0
11:38:10.465,1,0,0,0,0
11:38:10.465,0,0,0,0,0
11:38:10.978,0,0,0,0,0
11:38:10.978,1,0,0,0,0
11:38:11.490,1,0,0,0,0
11:38:11.490,0,0,0,0,0
11:38:11.996,0,0,0,0,0
11:38:11.996,1,0,0,0,0
11:38:12.499,1,0,0,0,0
11:38:12.499,0,0,0,0,0
11:38:13.012,0,0,0,0,0
11:38:13.012,1,0,0,0,0
11:38:13.513,1,0,0,0,0
11:38:13.513,0,0,0,0,0
11:38:14.131,0,0,0,0,0
11:38:14.131,1,0,0,0,0
11:38:14.636,1,0,0,0,0
11:38:14.636,0,0,0,0,0
11:38:15.150,0,0,0,0,0
11:38:15.150,1,0,0,0,0
11:38:15.662,1,0,0,0,0
11:38:15.662,0,0,0,0,0
11:38:16.174,0,0,0,0,0
11:38:16.174,1,0,0,0,0
11:38:16.726,1,0,0,0,0
11:38:16.726,0,0,0,0,0
11:38:17.314,0,0,0,0,0
11:38:17.314,1,0,0,0,0
11:38:17.823,1,0,0,0,0
11:38:17.823,0,0,0,0,0
11:38:18.331,0,0,0,0,0
11:38:18.331,1,0,0,0,0
11:38:18.842,1,0,0,0,0
11:38:18.842,0,0,0,0,0
11:38:19.352,0,0,0,0,0
11:38:19.352,1,0,0,0,0
11:38:19.852,1,0,0,0,0
11:38:19.852,0,0,0,0,0
11:38:20.382,0,0,0,0,0
11:38:20.382,1,0,0,0,0
11:38:20.976,1,0,0,0,0
11:38:20.976,0,0,0,0,0
11:38:21.479,0,0,0,0,0
11:38:21.479,1,0,0,0,0
11:38:21.992,1,0,0,0,0
11:38:21.992,0,0,0,0,0
11:38:22.492,0,0,0,0,0
11:38:22.492,1,0,0,0,0
11:38:23.004,1,0,0,0,0
11:38:23.004,0,0,0,0,0
11:38:23.518,0,0,0,0,0
11:38:23.518,1,0,0,0,0
11:38:24.035,1,0,0,0,0
11:38:24.035,0,0,0,0,0
11:38:24.603,0,0,0,0,0
11:38:24.603,1,0,0,0,0
11:38:25.117,1,0,0,0,0
11:38:25.117,0,0,0,0,0
11:38:25.628,0,0,0,0,0
11:38:25.628,1,0,0,0,0
11:38:26.141,1,0,0,0,0
11:38:26.141,0,0,0,0,0
11:38:26.653,0,0,0,0,0
11:38:26.653,1,0,0,0,0
11:38:27.199,1,0,0,0,0
11:38:27.199,0,0,0,0,0
11:38:27.790,0,0,0,0,0
11:38:27.790,1,0,0,0,0
11:38:28.300,1,0,0,0,0
11:38:28.300,0,0,0,0,0
11:38:28.801,0,0,0,0,0
11:38:28.801,1,0,0,0,0
11:38:29.314,1,0,0,0,0
11:38:29.314,0,0,0,0,0
11:38:29.827,0,0,0,0,0
11:38:29.827,1,0,0,0,0
11:38:30.337,1,0,0,0,0
11:38:30.337,0,0,0,0,0
11:38:30.854,0,0,0,0,0
11:38:30.854,1,0,0,0,0
11:38:31.437,1,0,0,0,0
11:38:31.437,0,0,0,0,0
11:38:31.938,0,0,0,0,0
11:38:31.938,1,0,0,0,0
11:38:32.454,1,0,0,0,0
11:38:32.454,0,0,0,0,0
11:38:32.959,0,0,0,0,0
11:38:32.959,1,0,0,0,0
11:38:33.471,1,0,0,0,0
11:38:33.471,0,0,0,0,0
11:38:33.985,0,0,0,0,0
11:38:33.985,1,0,0,0,0
11:38:34.495,1,0,0,0,0
11:38:34.495,0,0,0,0,0
11:38:35.095,0,0,0,0,0
11:38:35.095,1,0,0,0,0
11:38:35.601,1,0,0,0,0
11:38:35.601,0,0,0,0,0
11:38:36.113,0,0,0,0,0
11:38:36.113,1,0,0,0,0
11:38:36.626,1,0,0,0,0
11:38:36.626,0,0,0,0,0
11:38:37.126,0,0,0,0,0
11:38:37.126,1,0,0,0,0
11:38:37.637,1,0,0,0,0
11:38:37.637,0,0,0,0,0
11:38:38.164,0,0,0,0,0
11:38:38.164,1,0,0,0,0
11:38:38.759,1,0,0,0,0
11:38:38.759,0,0,0,0,0
11:38:39.270,0,0,0,0,0
11:38:39.270,1,0,0,0,0
11:38:39.783,1,0,0,0,0
11:38:39.783,0,0,0,0,0
11:38:40.298,0,0,0,0,0
11:38:40.298,1,0,0,0,0
11:38:40.812,1,0,0,0,0
11:38:40.812,0,0,0,0,0
11:38:41.326,0,0,0,0,0
11:38:41.326,1,0,0,0,0
11:38:41.839,1,0,0,0,0
11:38:41.839,0,0,0,0,0
11:38:42.440,0,0,0,0,0
11:38:42.440,1,0,0,0,0
11:38:42.947,1,0,0,0,0
11:38:42.947,0,0,0,0,0
11:38:43.454,0,0,0,0,0
11:38:43.454,1,0,0,0,0
11:38:43.967,1,0,0,0,0
11:38:43.967,0,0,0,0,0
11:38:44.477,0,0,0,0,0
11:38:44.477,1,0,0,0,0
11:38:44.991,1,0,0,0,0
11:38:44.991,0,0,0,0,0
11:38:45.503,0,0,0,0,0
11:38:45.503,1,0,0,0,0
11:38:46.134,1,0,0,0,0
11:38:46.134,0,0,0,0,0
11:38:46.641,0,0,0,0,0
11:38:46.641,1,0,0,0,0
11:38:47.153,1,0,0,0,0
11:38:47.153,0,0,0,0,0
11:38:47.663,0,0,0,0,0
11:38:47.663,1,0,0,0,0
11:38:48.175,1,0,0,0,0
11:38:48.175,0,0,0,0,0
11:38:48.690,0,0,0,0,0
11:38:48.690,1,0,0,0,0
11:38:49.210,1,0,0,0,0
11:38:49.210,0,0,0,0,0
11:38:49.819,0,0,0,0,0
11:38:49.819,1,0,0,0,0
11:38:50.323,1,0,0,0,0
11:38:50.323,0,0,0,0,0
11:38:50.836,0,0,0,0,0
11:38:50.836,1,0,0,0,0
11:38:51.347,1,0,0,0,0
11:38:51.347,0,0,0,0,0
11:38:51.860,0,0,0,0,0
11:38:51.860,1,0,0,0,0
11:38:52.373,1,0,0,0,0
11:38:52.373,0,0,0,0,0
11:38:52.886,0,0,0,0,0
11:38:52.886,1,0,0,0,0
11:38:53.411,1,0,0,0,0
11:38:53.411,0,0,0,0,0
11:38:53.984,0,0,0,0,0
11:38:53.984,1,0,0,0,0
11:38:54.490,1,0,0,0,0
11:38:54.490,0,0,0,0,0
11:38:55.001,0,0,0,0,0
11:38:55.001,1,0,0,0,0
11:38:55.511,1,0,0,0,0
11:38:55.511,0,0,0,0,0
11:38:56.016,0,0,0,0,0
11:38:56.016,1,0,0,0,0
11:38:56.567,1,0,0,0,0
11:38:56.567,0,0,0,0,0
11:38:57.210,0,0,0,0,0
11:38:57.210,1,0,0,0,0
11:38:57.713,1,0,0,0,0
11:38:57.713,0,0,0,0,0
11:38:58.226,0,0,0,0,0
11:38:58.226,1,0,0,0,0
11:38:58.726,1,0,0,0,0
11:38:58.726,0,0,0,0,0
11:38:59.238,0,0,0,0,0
11:38:59.238,1,0,0,0,0
11:38:59.793,1,0,0,0,0
11:38:59.793,0,0,0,0,0
11:39:00.393,0,0,0,0,0
11:39:00.393,1,0,0,0,0
11:39:00.895,1,0,0,0,0
11:39:00.895,0,0,0,0,0
11:39:01.410,0,0,0,0,0
11:39:01.410,1,0,0,0,0
11:39:01.923,1,0,0,0,0
11:39:01.923,0,0,0,0,0
11:39:02.437,0,0,0,0,0
11:39:02.437,1,0,0,0,0
11:39:02.952,1,0,0,0,0
11:39:02.952,0,0,0,0,0
11:39:03.488,0,0,0,0,0
11:39:03.488,1,0,0,0,0
11:39:04.104,1,0,0,0,0
11:39:04.104,0,0,0,0,0
11:39:04.609,0,0,0,0,0
11:39:04.609,1,0,0,0,0
11:39:05.121,1,0,0,0,0
11:39:05.121,0,0,0,0,0
11:39:05.636,0,0,0,0,0
11:39:05.636,1,0,0,0,0
11:39:06.150,1,0,0,0,0
11:39:06.150,0,0,0,0,0
11:39:06.658,0,0,0,0,0
11:39:06.658,1,0,0,0,0
11:39:07.244,1,0,0,0,0
11:39:07.244,0,0,0,0,0
11:39:07.752,0,0,0,0,0
11:39:07.752,1,0,0,0,0
11:39:08.263,1,0,0,0,0
11:39:08.263,0,0,0,0,0
11:39:08.777,0,0,0,0,0
11:39:08.777,1,0,0,0,0
11:39:09.288,1,0,0,0,0
11:39:09.288,0,0,0,0,0
11:39:09.838,0,0,0,0,0
11:39:09.838,1,0,0,0,0
11:39:10.503,1,0,0,0,0
11:39:10.503,0,0,0,0,0
11:39:11.010,0,0,0,0,0
11:39:11.010,1,0,0,0,0
11:39:11.521,1,0,0,0,0
11:39:11.521,0,0,0,0,0
11:39:12.035,0,0,0,0,0
11:39:12.035,1,0,0,0,0
11:39:12.535,1,0,0,0,0
11:39:12.535,0,0,0,0,0
11:39:13.061,0,0,0,0,0
11:39:13.061,1,0,0,0,0
11:39:13.718,1,0,0,0,0
11:39:13.718,0,0,0,0,0
11:39:14.230,0,0,0,0,0
11:39:14.230,1,0,0,0,0
11:39:14.739,1,0,0,0,0
11:39:14.739,0,0,0,0,0
11:39:15.250,0,0,0,0,0
11:39:15.250,1,0,0,0,0
11:39:15.762,1,0,0,0,0
11:39:15.762,0,0,0,0,0
11:39:16.305,0,0,0,0,0
11:39:16.305,1,0,0,0,0
11:39:16.890,1,0,0,0,0
11:39:16.890,0,0,0,0,0
11:39:17.393,0,0,0,0,0
11:39:17.393,1,0,0,0,0
11:39:17.906,1,0,0,0,0
11:39:17.906,0,0,0,0,0
11:39:18.405,0,0,0,0,0
11:39:18.405,1,0,0,0,0
11:39:18.917,1,0,0,0,0
11:39:18.917,0,0,0,0,0
11:39:19.429,0,0,0,0,0
11:39:19.429,1,0,0,0,0
11:39:19.955,1,0,0,0,0
11:39:19.955,0,0,0,0,0
11:39:20.538,0,0,0,0,0
11:39:20.538,1,0,0,0,0
11:39:21.053,1,0,0,0,0
11:39:21.053,0,0,0,0,0
11:39:21.568,0,0,0,0,0
11:39:21.568,1,0,0,0,0
11:39:22.071,1,0,0,0,0
11:39:22.071,0,0,0,0,0
11:39:22.583,0,0,0,0,0
11:39:22.583,1,0,0,0,0
11:39:23.091,1,0,0,0,0
11:39:23.091,0,0,0,0,0
11:39:23.604,0,0,0,0,0
11:39:23.604,1,0,0,0,0
11:39:24.116,1,0,0,0,0
11:39:24.116,0,0,0,0,0
11:39:24.617,0,0,0,0,0
11:39:24.617,1,0,0,0,0
11:39:25.131,1,0,0,0,0
11:39:25.131,0,0,0,0,0
11:39:25.639,0,0,0,0,0
11:39:25.639,1,0,0,0,0
11:39:26.142,1,0,0,0,0
11:39:26.142,0,0,0,0,0
11:39:26.655,0,0,0,0,0
11:39:26.655,1,0,0,0,0
11:39:27.168,1,0,0,0,0
11:39:27.168,0,0,0,0,0
11:39:27.681,0,0,0,0,0
11:39:27.681,1,0,0,0,0
11:39:28.208,1,0,0,0,0
11:39:28.208,0,0,0,0,0
11:39:28.709,0,0,0,0,0
11:39:28.709,1,0,0,0,0
11:39:29.221,1,0,0,0,0
11:39:29.221,0,0,0,0,0
11:39:29.734,0,0,0,0,0
11:39:29.734,1,0,0,0,0
11:39:30.248,1,0,0,0,0
11:39:30.248,0,0,0,0,0
11:39:30.772,0,0,0,0,0
11:39:30.772,1,0,0,0,0
11:39:31.274,1,0,0,0,0
11:39:31.274,0,0,0,0,0
11:39:31.787,0,0,0,0,0
11:39:31.787,1,0,0,0,0
11:39:32.301,1,0,0,0,0
11:39:32.301,0,0,0,0,0
11:39:32.815,0,0,0,0,0
11:39:32.815,1,0,0,0,0
11:39:33.326,1,0,0,0,0
11:39:33.326,0,0,0,0,0
11:39:33.852,0,0,0,0,0
11:39:33.852,1,0,0,0,0
11:39:34.354,1,0,0,0,0
11:39:34.354,0,0,0,0,0
11:39:34.858,0,0,0,0,0
11:39:34.858,1,0,0,0,0
11:39:35.360,1,0,0,0,0
11:39:35.360,0,0,0,0,0
11:39:35.863,0,0,0,0,0
11:39:35.863,1,0,0,0,0
11:39:36.376,1,0,0,0,0
11:39:36.376,0,0,0,0,0
11:39:36.876,0,0,0,0,0
11:39:36.876,1,0,0,0,0
11:39:37.411,1,0,0,0,0
11:39:37.411,0,0,0,0,0
11:39:37.921,0,0,0,0,0
11:39:37.921,1,0,0,0,0
11:39:38.431,1,0,0,0,0
11:39:38.431,0,0,0,0,0
11:39:38.932,0,0,0,0,0
11:39:38.932,1,0,0,0,0
11:39:39.443,1,0,0,0,0
11:39:39.443,0,0,0,0,0
11:39:39.956,0,0,0,0,0
11:39:39.956,1,0,0,0,0
11:39:40.471,1,0,0,0,0
11:39:40.471,0,0,0,0,0
11:39:41.068,0,0,0,0,0
11:39:41.068,1,0,0,0,0
11:39:41.575,1,0,0,0,0
11:39:41.575,0,0,0,0,0
11:39:42.089,0,0,0,0,0
11:39:42.089,1,0,0,0,0
11:39:42.591,1,0,0,0,0
11:39:42.591,0,0,0,0,0
11:39:43.103,0,0,0,0,0
11:39:43.103,1,0,0,0,0
11:39:43.651,1,0,0,0,0
11:39:43.651,0,0,0,0,0
11:39:44.258,0,0,0,0,0
11:39:44.258,1,0,0,0,0
11:39:44.762,1,0,0,0,0
11:39:44.762,0,0,0,0,0
11:39:45.276,0,0,0,0,0
11:39:45.276,1,0,0,0,0
11:39:45.776,1,0,0,0,0
11:39:45.776,0,0,0,0,0
11:39:46.278,0,0,0,0,0
11:39:46.278,1,0,0,0,0
11:39:46.791,1,0,0,0,0
11:39:46.791,0,0,0,0,0
11:39:47.334,0,0,0,0,0
11:39:47.334,1,0,0,0,0
11:39:47.932,1,0,0,0,0
11:39:47.932,0,0,0,0,0
11:39:48.445,0,0,0,0,0
11:39:48.445,1,0,0,0,0
11:39:48.956,1,0,0,0,0
11:39:48.956,0,0,0,0,0
11:39:49.467,0,0,0,0,0
11:39:49.467,1,0,0,0,0
11:39:49.982,1,0,0,0,0
11:39:49.982,0,0,0,0,0
11:39:50.493,0,0,0,0,0
11:39:50.493,1,0,0,0,0
11:39:51.023,1,0,0,0,0
11:39:51.023,0,0,0,0,0
11:39:51.626,0,0,0,0,0
11:39:51.626,1,0,0,0,0
11:39:52.136,1,0,0,0,0
11:39:52.136,0,0,0,0,0
11:39:52.648,0,0,0,0,0
11:39:52.648,1,0,0,0,0
11:39:53.160,1,0,0,0,0
11:39:53.160,0,0,0,0,0
11:39:53.673,0,0,0,0,0
11:39:53.673,1,0,0,0,0
11:39:54.174,1,0,0,0,0
11:39:54.174,0,0,0,0,0
11:39:54.708,0,0,0,0,0
11:39:54.708,1,0,0,0,0
11:39:55.292,1,0,0,0,0
11:39:55.292,0,0,0,0,0
11:39:55.795,0,0,0,0,0
11:39:55.795,1,0,0,0,0
11:39:56.306,1,0,0,0,0
11:39:56.306,0,0,0,0,0
11:39:56.820,0,0,0,0,0
11:39:56.820,1,0,0,0,0
11:39:57.334,1,0,0,0,0
11:39:57.334,0,0,0,0,0
11:39:57.879,0,0,0,0,0
11:39:57.879,1,0,0,0,0
11:39:58.462,1,0,0,0,0
11:39:58.462,0,0,0,0,0
11:39:58.970,0,0,0,0,0
11:39:58.970,1,0,0,0,0
11:39:59.483,1,0,0,0,0
11:39:59.483,0,0,0,0,0
11:39:59.994,0,0,0,0,0
11:39:59.994,1,0,0,0,0
11:40:00.500,1,0,0,0,0
11:40:00.500,0,0,0,0,0
11:40:01.018,0,0,0,0,0
11:40:01.018,1,0,0,0,0
11:40:01.604,1,0,0,0,0
11:40:01.604,0,0,0,0,0
11:40:02.118,0,0,0,0,0
11:40:02.118,1,0,0,0,0
11:40:02.630,1,0,0,0,0
11:40:02.630,0,0,0,0,0
11:40:03.141,0,0,0,0,0
11:40:03.141,1,0,0,0,0
11:40:03.659,1,0,0,0,0
11:40:03.659,0,0,0,0,0
11:40:04.161,0,0,0,0,0
11:40:04.161,1,0,0,0,0
11:40:04.674,1,0,0,0,0
11:40:04.674,0,0,0,0,0
11:40:05.188,0,0,0,0,0
11:40:05.188,1,0,0,0,0
11:40:05.700,1,0,0,0,0
11:40:05.700,0,0,0,0,0
11:40:06.259,0,0,0,0,0
11:40:06.259,1,0,0,0,0
11:40:06.861,1,0,0,0,0
11:40:06.861,0,0,0,0,0
11:40:07.365,0,0,0,0,0
11:40:07.365,1,0,0,0,0
11:40:07.877,1,0,0,0,0
11:40:07.877,0,0,0,0,0
11:40:08.391,0,0,0,0,0
11:40:08.391,1,0,0,0,0
11:40:08.905,1,0,0,0,0
11:40:08.905,0,0,0,0,0
11:40:09.447,0,0,0,0,0
11:40:09.447,1,0,0,0,0
11:40:10.034,1,0,0,0,0
11:40:10.034,0,0,0,0,0
11:40:10.548,0,0,0,0,0
11:40:10.548,1,0,0,0,0
11:40:11.062,1,0,0,0,0
11:40:11.062,0,0,0,0,0
11:40:11.575,0,0,0,0,0
11:40:11.575,1,0,0,0,0
11:40:12.089,1,0,0,0,0
11:40:12.089,0,0,0,0,0
11:40:12.623,0,0,0,0,0
11:40:12.623,1,0,0,0,0
11:40:13.256,1,0,0,0,0
11:40:13.256,0,0,0,0,0
11:40:13.770,0,0,0,0,0
11:40:13.770,1,0,0,0,0
11:40:14.281,1,0,0,0,0
11:40:14.281,0,0,0,0,0
11:40:14.793,0,0,0,0,0
11:40:14.793,1,0,0,0,0
11:40:15.305,1,0,0,0,0
11:40:15.305,0,0,0,0,0
11:40:15.853,0,0,0,0,0
11:40:15.853,1,0,0,0,0
11:40:16.440,1,0,0,0,0
11:40:16.440,0,0,0,0,0
11:40:16.943,0,0,0,0,0
11:40:16.943,1,0,0,0,0
11:40:17.457,1,0,0,0,0
11:40:17.457,0,0,0,0,0
11:40:17.957,0,0,0,0,0
11:40:17.957,1,0,0,0,0
11:40:18.471,1,0,0,0,0
11:40:18.471,0,0,0,0,0
11:40:18.983,0,0,0,0,0
11:40:18.983,1,0,0,0,0
11:40:19.536,1,0,0,0,0
11:40:19.536,0,0,0,0,0
11:40:20.129,0,0,0,0,0
11:40:20.129,1,0,0,0,0
11:40:20.635,1,0,0,0,0
11:40:20.635,0,0,0,0,0
11:40:21.218,0,0,0,0,0
11:40:21.218,1,0,0,0,0
11:40:21.729,1,0,0,0,0
11:40:21.729,0,0,0,0,0
11:40:22.229,0,0,0,0,0
11:40:22.229,1,0,0,0,0
11:40:22.779,1,0,0,0,0
11:40:22.779,0,0,0,0,0
11:40:23.379,0,0,0,0,0
11:40:23.379,1,0,0,0,0
11:40:23.888,1,0,0,0,0
11:40:23.888,0,0,0,0,0
11:40:24.402,0,0,0,0,0
11:40:24.402,1,0,0,0,0
11:40:24.914,1,0,0,0,0
11:40:24.914,0,0,0,0,0
11:40:25.424,0,0,0,0,0
11:40:25.424,1,0,0,0,0
11:40:25.969,1,0,0,0,0
11:40:25.969,0,0,0,0,0
11:40:26.563,0,0,0,0,0
11:40:26.563,1,0,0,0,0
11:40:27.072,1,0,0,0,0
11:40:27.072,0,0,0,0,0
11:40:27.573,0,0,0,0,0
11:40:27.573,1,0,0,0,0
11:40:28.086,1,0,0,0,0
11:40:28.086,0,0,0,0,0
11:40:28.586,0,0,0,0,0
11:40:28.586,1,0,0,0,0
11:40:29.099,1,0,0,0,0
11:40:29.099,0,0,0,0,0
11:40:29.601,0,0,0,0,0
11:40:29.601,1,0,0,0,0
11:40:30.185,1,0,0,0,0
11:40:30.185,0,0,0,0,0
11:40:30.687,0,0,0,0,0
11:40:30.687,1,0,0,0,0
11:40:31.201,1,0,0,0,0
11:40:31.201,0,0,0,0,0
11:40:31.712,0,0,0,0,0
11:40:31.712,1,0,0,0,0
11:40:32.224,1,0,0,0,0
11:40:32.224,0,0,0,0,0
11:40:32.774,0,0,0,0,0
11:40:32.774,1,0,0,0,0
11:40:33.366,1,0,0,0,0
11:40:33.366,0,0,0,0,0
11:40:33.871,0,0,0,0,0
11:40:33.871,1,0,0,0,0
11:40:34.385,1,0,0,0,0
11:40:34.385,0,0,0,0,0
11:40:34.900,0,0,0,0,0
11:40:34.900,1,0,0,0,0
11:40:35.420,1,0,0,0,0
11:40:35.420,0,0,0,0,0
11:40:35.929,0,0,0,0,0
11:40:35.929,1,0,0,0,0
11:40:36.429,1,0,0,0,0
11:40:36.429,0,0,0,0,0
11:40:36.940,0,0,0,0,0
11:40:36.940,1,0,0,0,0
11:40:37.442,1,0,0,0,0
11:40:37.442,0,0,0,0,0
11:40:37.953,0,0,0,0,0
11:40:37.953,1,0,0,0,0
11:40:38.467,1,0,0,0,0
11:40:38.467,0,0,0,0,0
11:40:38.969,0,0,0,0,0
11:40:38.969,1,0,0,0,0
11:40:39.229,1,0,0,0,0
11:40:39.229,1,1,0,0,0
11:40:39.477,1,1,0,0,0
11:40:39.477,0,1,0,0,0
11:40:39.739,0,1,0,0,0
11:40:39.739,0,0,0,0,0
11:40:39.990,0,0,0,0,0
11:40:39.990,1,0,0,0,0
11:40:40.204,1,0,0,0,0
11:40:40.204,1,0,1,0,0
11:40:40.252,1,0,1,0,0
11:40:40.252,1,1,1,0,0
11:40:40.503,1,1,1,0,0
11:40:40.503,0,1,1,0,0
11:40:40.705,0,1,1,0,0
11:40:40.705,0,1,0,0,0
11:40:40.766,0,1,0,0,0
11:40:40.766,0,0,0,0,0
11:40:41.015,0,0,0,0,0
11:40:41.015,1,0,0,0,0
11:40:41.217,1,0,0,0,0
11:40:41.217,1,0,1,0,0
11:40:41.280,1,0,1,0,0
11:40:41.280,1,1,1,0,0
11:40:41.515,1,1,1,0,0
11:40:41.515,0,1,1,0,0
11:40:41.717,0,1,1,0,0
11:40:41.717,0,1,0,0,0
11:40:41.795,0,1,0,0,0
11:40:41.795,0,0,0,0,0
11:40:42.028,0,0,0,0,0
11:40:42.028,1,0,0,0,0
11:40:42.237,1,0,0,0,0
11:40:42.237,1,0,1,0,0
11:40:42.297,1,0,1,0,0
11:40:42.297,1,1,1,0,0
11:40:42.529,1,1,1,0,0
11:40:42.529,0,1,1,0,0
11:40:42.737,0,1,1,0,0
11:40:42.737,0,1,0,0,0
11:40:42.798,0,1,0,0,0
11:40:42.798,0,0,0,0,0
11:40:43.042,0,0,0,0,0
11:40:43.042,1,0,0,0,0
11:40:43.243,1,0,0,0,0
11:40:43.243,1,0,1,0,0
11:40:43.306,1,0,1,0,0
11:40:43.306,1,1,1,0,0
11:40:43.555,1,1,1,0,0
11:40:43.555,0,1,1,0,0
11:40:43.758,0,1,1,0,0
11:40:43.758,0,1,0,0,0
11:40:43.820,0,1,0,0,0
11:40:43.820,0,0,0,0,0
11:40:44.066,0,0,0,0,0
11:40:44.066,1,0,0,0,0
11:40:44.270,1,0,0,0,0
11:40:44.270,1,0,1,0,0
11:40:44.334,1,0,1,0,0
11:40:44.334,1,1,1,0,0
11:40:44.581,1,1,1,0,0
11:40:44.581,0,1,1,0,0
11:40:44.772,0,1,1,0,0
11:40:44.772,0,1,0,0,0
11:40:44.846,0,1,0,0,0
11:40:44.846,0,0,0,0,0
11:40:45.095,0,0,0,0,0
11:40:45.095,1,0,0,0,0
11:40:45.282,1,0,0,0,0
11:40:45.282,1,0,1,0,0
11:40:45.361,1,0,1,0,0
11:40:45.361,1,1,1,0,0
11:40:45.611,1,1,1,0,0
11:40:45.611,0,1,1,0,0
11:40:45.797,0,1,1,0,0
11:40:45.797,0,1,0,0,0
11:40:45.875,0,1,0,0,0
11:40:45.875,0,0,0,0,0
11:40:46.122,0,0,0,0,0
11:40:46.122,1,0,0,0,0
11:40:46.309,1,0,0,0,0
11:40:46.309,1,0,1,0,0
11:40:46.387,1,0,1,0,0
11:40:46.387,1,1,1,0,0
11:40:46.635,1,1,1,0,0
11:40:46.635,0,1,1,0,0
11:40:46.820,0,1,1,0,0
11:40:46.820,0,1,0,0,0
11:40:46.897,0,1,0,0,0
11:40:46.897,0,0,0,0,0
11:40:47.147,0,0,0,0,0
11:40:47.147,1,0,0,0,0
11:40:47.322,1,0,0,0,0
11:40:47.322,1,0,1,0,0
11:40:47.399,1,0,1,0,0
11:40:47.399,1,1,1,0,0
11:40:47.650,1,1,1,0,0
11:40:47.650,0,1,1,0,0
11:40:47.824,0,1,1,0,0
11:40:47.824,0,1,0,0,0
11:40:47.902,0,1,0,0,0
11:40:47.902,0,0,0,0,0
11:40:48.171,0,0,0,0,0
11:40:48.171,1,0,0,0,0
11:40:48.337,1,0,0,0,0
11:40:48.337,1,0,1,0,0
11:40:48.415,1,0,1,0,0
11:40:48.415,1,1,1,0,0
11:40:48.674,1,1,1,0,0
11:40:48.674,0,1,1,0,0
11:40:48.840,0,1,1,0,0
11:40:48.840,0,1,0,0,0
11:40:48.926,0,1,0,0,0
11:40:48.926,0,0,0,0,0
11:40:49.189,0,0,0,0,0
11:40:49.189,1,0,0,0,0
11:40:49.345,1,0,0,0,0
11:40:49.345,1,0,1,0,0
11:40:49.442,1,0,1,0,0
11:40:49.442,1,1,1,0,0
11:40:49.690,1,1,1,0,0
11:40:49.690,0,1,1,0,0
11:40:49.869,0,1,1,0,0
11:40:49.869,0,1,0,0,0
11:40:49.955,0,1,0,0,0
11:40:49.955,0,0,0,0,0
11:40:50.202,0,0,0,0,0
11:40:50.202,1,0,0,0,0
11:40:50.371,1,0,0,0,0
11:40:50.371,1,0,1,0,0
11:40:50.464,1,0,1,0,0
11:40:50.464,1,1,1,0,0
11:40:50.734,1,1,1,0,0
11:40:50.734,0,1,1,0,0
11:40:50.873,0,1,1,0,0
11:40:50.873,0,1,0,0,0
11:40:50.974,0,1,0,0,0
11:40:50.974,0,0,0,0,0
11:40:51.239,0,0,0,0,0
11:40:51.239,1,0,0,0,0
11:40:51.377,1,0,0,0,0
11:40:51.377,1,0,1,0,0
11:40:51.482,1,0,1,0,0
11:40:51.482,1,1,1,0,0
11:40:51.753,1,1,1,0,0
11:40:51.753,0,1,1,0,0
11:40:51.879,0,1,1,0,0
11:40:51.879,0,1,0,0,0
11:40:51.987,0,1,0,0,0
11:40:51.987,0,0,0,0,0
11:40:52.255,0,0,0,0,0
11:40:52.255,1,0,0,0,0
11:40:52.387,1,0,0,0,0
11:40:52.387,1,0,1,0,0
11:40:52.524,1,0,1,0,0
11:40:52.524,1,1,1,0,0
11:40:52.769,1,1,1,0,0
11:40:52.769,0,1,1,0,0
11:40:52.874,1,1,1,0,0
11:40:52.874,0,1,1,0,0
11:40:52.889,0,1,1,0,0
11:40:52.889,0,1,0,0,0
11:40:53.035,0,1,0,0,0
11:40:53.035,0,0,0,0,0
11:40:53.358,1,0,0,0,0
11:40:53.358,0,0,0,0,0
11:40:53.422,0,0,0,0,0
11:40:53.422,0,0,1,0,0
11:40:53.548,0,0,1,0,0
11:40:53.548,0,1,1,0,0
11:40:53.822,1,1,1,0,0
11:40:53.822,0,1,1,0,0
11:40:53.923,0,1,1,0,0
11:40:53.923,0,1,0,0,0
11:40:54.060,0,1,0,0,0
11:40:54.060,0,0,0,0,0
11:40:54.432,0,0,0,0,0
11:40:54.432,0,0,1,0,0
11:40:54.462,0,0,1,0,0
11:40:54.462,1,0,1,0,0
11:40:54.594,1,0,1,0,0
11:40:54.594,1,1,1,0,0
11:40:54.947,1,1,1,0,0
11:40:54.947,1,1,0,0,0
11:40:54.977,1,1,0,0,0
11:40:54.977,0,1,0,0,0
11:40:55.100,0,1,0,0,0
11:40:55.100,0,0,0,0,0
11:40:55.483,0,0,0,0,0
11:40:55.483,0,0,1,0,0
11:40:55.483,0,0,1,0,0
11:40:55.483,1,0,1,0,0
11:40:55.607,1,0,1,0,0
11:40:55.607,1,1,1,0,0
11:40:55.996,1,1,1,0,0
11:40:55.996,1,1,0,0,0
11:40:55.996,1,1,0,0,0
11:40:55.996,0,1,0,0,0
11:40:56.122,0,1,0,0,0
11:40:56.122,0,0,0,0,0
11:40:56.508,0,0,0,0,0
11:40:56.508,0,0,1,0,0
11:40:56.508,0,0,1,0,0
11:40:56.508,1,0,1,0,0
11:40:56.631,1,0,1,0,0
11:40:56.631,1,1,1,0,0
11:40:57.007,1,1,1,0,0
11:40:57.007,1,1,0,0,0
11:40:57.009,1,1,0,0,0
11:40:57.009,0,1,0,0,0
11:40:57.132,0,1,0,0,0
11:40:57.132,0,0,0,0,0
11:40:57.522,0,0,0,0,0
11:40:57.522,0,0,1,0,0
11:40:57.522,0,0,1,0,0
11:40:57.522,1,0,1,0,0
11:40:57.647,1,0,1,0,0
11:40:57.647,1,1,1,0,0
11:40:58.040,1,1,1,0,0
11:40:58.040,1,1,0,0,0
11:40:58.040,1,1,0,0,0
11:40:58.040,0,1,0,0,0
11:40:58.158,0,1,0,0,0
11:40:58.158,0,0,0,0,0
11:40:58.548,0,0,0,0,0
11:40:58.548,0,0,1,0,0
11:40:58.548,0,0,1,0,0
11:40:58.548,1,0,1,0,0
11:40:58.672,1,0,1,0,0
11:40:58.672,1,1,1,0,0
11:40:59.061,1,1,1,0,0
11:40:59.061,1,1,0,0,0
11:40:59.061,1,1,0,0,0
11:40:59.061,0,1,0,0,0
11:40:59.184,0,1,0,0,0
11:40:59.184,0,0,0,0,0
11:40:59.574,0,0,0,0,0
11:40:59.574,0,0,1,0,0
11:40:59.574,0,0,1,0,0
11:40:59.574,1,0,1,0,0
11:40:59.698,1,0,1,0,0
11:40:59.698,1,1,1,0,0
11:41:00.087,1,1,1,0,0
11:41:00.087,1,1,0,0,0
11:41:00.087,1,1,0,0,0
11:41:00.087,0,1,0,0,0
11:41:00.217,0,1,0,0,0
11:41:00.217,0,0,0,0,0
11:41:00.607,0,0,0,0,0
11:41:00.607,0,0,1,0,0
11:41:00.607,0,0,1,0,0
11:41:00.607,1,0,1,0,0
11:41:00.728,1,0,1,0,0
11:41:00.728,1,1,1,0,0
11:41:01.114,1,1,1,0,0
11:41:01.114,1,1,0,0,0
11:41:01.114,1,1,0,0,0
11:41:01.114,0,1,0,0,0
11:41:01.237,0,1,0,0,0
11:41:01.237,0,0,0,0,0
11:41:01.620,0,0,0,0,0
11:41:01.620,0,0,1,0,0
11:41:01.620,0,0,1,0,0
11:41:01.620,1,0,1,0,0
11:41:01.740,1,0,1,0,0
11:41:01.740,1,1,1,0,0
11:41:02.126,1,1,1,0,0
11:41:02.126,1,1,0,0,0
11:41:02.127,1,1,0,0,0
11:41:02.127,0,1,0,0,0
11:41:02.248,0,1,0,0,0
11:41:02.248,0,0,0,0,0
11:41:02.637,0,0,0,0,0
11:41:02.637,0,0,1,0,0
11:41:02.637,0,0,1,0,0
11:41:02.637,1,0,1,0,0
11:41:02.778,1,0,1,0,0
11:41:02.778,1,1,1,0,0
11:41:03.146,1,1,1,0,0
11:41:03.146,1,1,0,0,0
11:41:03.146,1,1,0,0,0
11:41:03.146,0,1,0,0,0
11:41:03.381,0,1,0,0,0
11:41:03.381,0,0,0,0,0
11:41:03.697,0,0,0,0,0
11:41:03.697,0,0,1,0,0
11:41:03.697,0,0,1,0,0
11:41:03.697,1,0,1,0,0
11:41:03.894,1,0,1,0,0
11:41:03.894,1,1,1,0,0
11:41:04.302,1,1,1,0,0
11:41:04.302,1,1,0,0,0
11:41:04.302,1,1,0,0,0
11:41:04.302,0,1,0,0,0
11:41:04.405,0,1,0,0,0
11:41:04.405,0,0,0,0,0
11:41:04.804,0,0,0,0,0
11:41:04.804,0,0,1,0,0
11:41:04.804,0,0,1,0,0
11:41:04.804,1,0,1,0,0
11:41:04.913,1,0,1,0,0
11:41:04.913,1,1,1,0,0
11:41:05.318,1,1,1,0,0
11:41:05.318,1,1,0,0,0
11:41:05.318,1,1,0,0,0
11:41:05.318,0,1,0,0,0
11:41:05.412,0,1,0,0,0
11:41:05.412,0,0,0,0,0
11:41:05.818,0,0,0,0,0
11:41:05.818,0,0,1,0,0
11:41:05.818,0,0,1,0,0
11:41:05.818,1,0,1,0,0
11:41:05.925,1,0,1,0,0
11:41:05.925,1,1,1,0,0
11:41:06.326,1,1,1,0,0
11:41:06.326,1,1,0,0,0
11:41:06.327,1,1,0,0,0
11:41:06.327,0,1,0,0,0
11:41:06.457,0,1,0,0,0
11:41:06.457,0,0,0,0,0
11:41:06.839,0,0,0,0,0
11:41:06.839,0,0,1,0,0
11:41:06.839,0,0,1,0,0
11:41:06.839,1,0,1,0,0
11:41:07.049,1,0,1,0,0
11:41:07.049,1,1,1,0,0
11:41:07.395,1,1,1,0,0
11:41:07.395,1,1,0,0,0
11:41:07.395,1,1,0,0,0
11:41:07.395,0,1,0,0,0
11:41:07.557,0,1,0,0,0
11:41:07.557,0,0,0,0,0
11:41:07.999,0,0,0,0,0
11:41:07.999,0,0,1,0,0
11:41:07.999,0,0,1,0,0
11:41:07.999,1,0,1,0,0
11:41:08.071,1,0,1,0,0
11:41:08.071,1,1,1,0,0
11:41:08.506,1,1,1,0,0
11:41:08.506,1,1,0,0,0
11:41:08.506,1,1,0,0,0
11:41:08.506,0,1,0,0,0
11:41:08.577,0,1,0,0,0
11:41:08.577,0,0,0,0,0
11:41:09.020,0,0,0,0,0
11:41:09.020,0,0,1,0,0
11:41:09.020,0,0,1,0,0
11:41:09.020,1,0,1,0,0
11:41:09.081,1,0,1,0,0
11:41:09.081,1,1,1,0,0
11:41:09.531,1,1,1,0,0
11:41:09.531,1,1,0,0,0
11:41:09.531,1,1,0,0,0
11:41:09.531,0,1,0,0,0
11:41:09.593,0,1,0,0,0
11:41:09.593,0,0,0,0,0
11:41:10.043,0,0,0,0,0
11:41:10.043,0,0,1,0,0
11:41:10.043,0,0,1,0,0
11:41:10.043,1,0,1,0,0
11:41:10.148,1,0,1,0,0
11:41:10.148,1,1,1,0,0
11:41:10.556,1,1,1,0,0
11:41:10.556,1,1,0,0,0
11:41:10.556,1,1,0,0,0
11:41:10.556,0,1,0,0,0
11:41:10.752,0,1,0,0,0
11:41:10.752,0,0,0,0,0
11:41:11.065,0,0,0,0,0
11:41:11.065,0,0,1,0,0
11:41:11.065,0,0,1,0,0
11:41:11.065,1,0,1,0,0
11:41:11.260,1,0,1,0,0
11:41:11.260,1,1,1,0,0
11:41:11.666,1,1,1,0,0
11:41:11.666,1,1,0,0,0
11:41:11.666,1,1,0,0,0
11:41:11.666,0,1,0,0,0
11:41:11.761,0,1,0,0,0
11:41:11.761,0,0,0,0,0
11:41:12.176,0,0,0,0,0
11:41:12.176,0,0,1,0,0
11:41:12.176,0,0,1,0,0
11:41:12.176,1,0,1,0,0
11:41:12.270,1,0,1,0,0
11:41:12.270,1,1,1,0,0
11:41:12.691,1,1,1,0,0
11:41:12.691,1,1,0,0,0
11:41:12.691,1,1,0,0,0
11:41:12.691,0,1,0,0,0
11:41:12.770,0,1,0,0,0
11:41:12.770,0,0,0,0,0
11:41:13.192,0,0,0,0,0
11:41:13.192,0,0,1,0,0
11:41:13.192,0,0,1,0,0
11:41:13.192,1,0,1,0,0
11:41:13.285,1,0,1,0,0
11:41:13.285,1,1,1,0,0
11:41:13.692,1,1,1,0,0
11:41:13.692,1,1,0,0,0
11:41:13.692,1,1,0,0,0
11:41:13.692,0,1,0,0,0
11:41:13.838,0,1,0,0,0
11:41:13.838,0,0,0,0,0
11:41:14.205,0,0,0,0,0
11:41:14.205,0,0,1,0,0
11:41:14.205,0,0,1,0,0
11:41:14.205,1,0,1,0,0
11:41:14.475,1,0,1,0,0
11:41:14.475,1,1,1,0,0
11:41:14.717,1,1,1,0,0
11:41:14.717,1,1,0,0,0
11:41:14.717,1,1,0,0,0
11:41:14.717,0,1,0,0,0
11:41:14.981,0,1,0,0,0
11:41:14.981,0,0,0,0,0
11:41:15.251,0,0,0,0,0
11:41:15.251,0,0,1,0,0
11:41:15.251,0,0,1,0,0
11:41:15.251,1,0,1,0,0
11:41:15.494,1,0,1,0,0
11:41:15.494,1,1,1,0,0
11:41:15.853,1,1,1,0,0
11:41:15.853,1,1,0,0,0
11:41:15.853,1,1,0,0,0
11:41:15.853,0,1,0,0,0
11:41:16.007,0,1,0,0,0
11:41:16.007,0,0,0,0,0
11:41:16.364,0,0,0,0,0
11:41:16.364,0,0,1,0,0
11:41:16.364,0,0,1,0,0
11:41:16.364,1,0,1,0,0
11:41:16.520,1,0,1,0,0
11:41:16.520,1,1,1,0,0
11:41:16.874,1,1,1,0,0
11:41:16.874,1,1,0,0,0
11:41:16.874,1,1,0,0,0
11:41:16.874,0,1,0,0,0
11:41:17.076,0,1,0,0,0
11:41:17.076,0,0,0,0,0
11:41:17.385,0,0,0,0,0
11:41:17.385,0,0,1,0,0
11:41:17.385,0,0,1,0,0
11:41:17.385,1,0,1,0,0
11:41:17.667,1,0,1,0,0
11:41:17.667,1,1,1,0,0
11:41:17.896,1,1,1,0,0
11:41:17.896,1,1,0,0,0
11:41:17.896,1,1,0,0,0
11:41:17.896,0,1,0,0,0
11:41:18.179,0,1,0,0,0
11:41:18.179,0,0,0,0,0
11:41:18.430,0,0,0,0,0
11:41:18.430,0,0,1,0,0
11:41:18.430,0,0,1,0,0
11:41:18.430,1,0,1,0,0
11:41:18.690,1,0,1,0,0
11:41:18.690,1,1,1,0,0
11:41:19.029,1,1,1,0,0
11:41:19.029,1,1,0,0,0
11:41:19.030,1,1,0,0,0
11:41:19.030,0,1,0,0,0
11:41:19.197,0,1,0,0,0
11:41:19.197,0,0,0,0,0
11:41:19.541,0,0,0,0,0
11:41:19.541,0,0,1,0,0
11:41:19.541,0,0,1,0,0
11:41:19.541,1,0,1,0,0
11:41:19.697,1,0,1,0,0
11:41:19.697,1,1,1,0,0
11:41:20.055,1,1,1,0,0
11:41:20.055,1,1,0,0,0
11:41:20.055,1,1,0,0,0
11:41:20.055,0,1,0,0,0
11:41:20.208,0,1,0,0,0
11:41:20.208,0,0,0,0,0
11:41:20.564,0,0,0,0,0
11:41:20.564,0,0,1,0,0
11:41:20.564,0,0,1,0,0
11:41:20.564,1,0,1,0,0
11:41:20.727,1,0,1,0,0
11:41:20.727,1,1,1,0,0
11:41:21.078,1,1,1,0,0
11:41:21.078,1,1,0,0,0
11:41:21.078,1,1,0,0,0
11:41:21.078,0,1,0,0,0
11:41:21.343,0,1,0,0,0
11:41:21.343,0,0,0,0,0
11:41:21.590,0,0,0,0,0
11:41:21.590,0,0,1,0,0
11:41:21.590,0,0,1,0,0
11:41:21.590,1,0,1,0,0
11:41:21.856,1,0,1,0,0
11:41:21.856,1,1,1,0,0
11:41:22.128,1,1,1,0,0
11:41:22.128,1,1,0,0,0
11:41:22.128,1,1,0,0,0
11:41:22.128,0,1,0,0,0
11:41:22.370,0,1,0,0,0
11:41:22.370,0,0,0,0,0
11:41:22.732,0,0,0,0,0
11:41:22.732,0,0,1,0,0
11:41:22.732,0,0,1,0,0
11:41:22.732,1,0,1,0,0
11:41:22.870,1,0,1,0,0
11:41:22.870,1,1,1,0,0
11:41:23.245,1,1,1,0,0
11:41:23.245,1,1,0,0,0
11:41:23.245,1,1,0,0,0
11:41:23.245,0,1,0,0,0
11:41:23.384,0,1,0,0,0
11:41:23.384,0,0,0,0,0
11:41:23.759,0,0,0,0,0
11:41:23.759,0,0,1,0,0
11:41:23.759,0,0,1,0,0
11:41:23.759,1,0,1,0,0
11:41:23.884,1,0,1,0,0
11:41:23.884,1,1,1,0,0
11:41:24.273,1,1,1,0,0
11:41:24.273,1,1,0,0,0
11:41:24.273,1,1,0,0,0
11:41:24.273,0,1,0,0,0
11:41:24.431,0,1,0,0,0
11:41:24.431,0,0,0,0,0
11:41:24.785,0,0,0,0,0
11:41:24.785,0,0,1,0,0
11:41:24.785,0,0,1,0,0
11:41:24.785,1,0,1,0,0
11:41:25.026,1,0,1,0,0
11:41:25.026,1,1,1,0,0
11:41:25.337,1,1,1,0,0
11:41:25.337,1,1,0,0,0
11:41:25.337,1,1,0,0,0
11:41:25.337,0,1,0,0,0
11:41:25.534,0,1,0,0,0
11:41:25.534,0,0,0,0,0
11:41:25.943,0,0,0,0,0
11:41:25.943,0,0,1,0,0
11:41:25.943,0,0,1,0,0
11:41:25.943,1,0,1,0,0
11:41:26.047,1,0,1,0,0
11:41:26.047,1,1,1,0,0
11:41:26.451,1,1,1,0,0
11:41:26.451,1,1,0,0,0
11:41:26.451,1,1,0,0,0
11:41:26.451,0,1,0,0,0
11:41:26.560,0,1,0,0,0
11:41:26.560,0,0,0,0,0
11:41:26.952,0,0,0,0,0
11:41:26.952,0,0,1,0,0
11:41:26.952,0,0,1,0,0
11:41:26.952,1,0,1,0,0
11:41:27.062,1,0,1,0,0
11:41:27.062,1,1,1,0,0
11:41:27.466,1,1,1,0,0
11:41:27.466,1,1,0,0,0
11:41:27.466,1,1,0,0,0
11:41:27.466,0,1,0,0,0
11:41:27.574,0,1,0,0,0
11:41:27.574,0,0,0,0,0
11:41:27.976,0,0,0,0,0
11:41:27.976,0,0,1,0,0
11:41:27.976,0,0,1,0,0
11:41:27.976,1,0,1,0,0
11:41:28.116,1,0,1,0,0
11:41:28.116,1,1,1,0,0
11:41:28.475,1,1,1,0,0
11:41:28.475,1,1,0,0,0
11:41:28.476,1,1,0,0,0
11:41:28.476,0,1,0,0,0
11:41:28.727,0,1,0,0,0
11:41:28.727,0,0,0,0,0
11:41:28.990,0,0,0,0,0
11:41:28.990,0,0,1,0,0
11:41:28.990,0,0,1,0,0
11:41:28.990,1,0,1,0,0
11:41:29.238,1,0,1,0,0
11:41:29.238,1,1,1,0,0
11:41:29.506,1,1,1,0,0
11:41:29.506,1,1,0,0,0
11:41:29.506,1,1,0,0,0
11:41:29.506,0,1,0,0,0
11:41:29.747,0,1,0,0,0
11:41:29.747,0,0,0,0,0
11:41:30.106,0,0,0,0,0
11:41:30.106,0,0,1,0,0
11:41:30.107,0,0,1,0,0
11:41:30.107,1,0,1,0,0
11:41:30.261,1,0,1,0,0
11:41:30.261,1,1,1,0,0
11:41:30.617,1,1,1,0,0
11:41:30.617,1,1,0,0,0
11:41:30.617,1,1,0,0,0
11:41:30.617,0,1,0,0,0
11:41:30.772,0,1,0,0,0
11:41:30.772,0,0,0,0,0
11:41:31.129,0,0,0,0,0
11:41:31.129,0,0,1,0,0
11:41:31.129,0,0,1,0,0
11:41:31.129,1,0,1,0,0
11:41:31.285,1,0,1,0,0
11:41:31.285,1,1,1,0,0
11:41:31.641,1,1,1,0,0
11:41:31.641,1,1,0,0,0
11:41:31.641,1,1,0,0,0
11:41:31.641,0,1,0,0,0
11:41:31.805,0,1,0,0,0
11:41:31.805,0,0,0,0,0
11:41:32.141,0,0,0,0,0
11:41:32.141,0,0,1,0,0
11:41:32.141,0,0,1,0,0
11:41:32.141,1,0,1,0,0
11:41:32.414,1,0,1,0,0
11:41:32.414,1,1,1,0,0
11:41:32.654,1,1,1,0,0
11:41:32.654,1,1,0,0,0
11:41:32.654,1,1,0,0,0
11:41:32.654,0,1,0,0,0
11:41:32.917,0,1,0,0,0
11:41:32.917,0,0,0,0,0
11:41:33.202,0,0,0,0,0
11:41:33.202,0,0,1,0,0
11:41:33.202,0,0,1,0,0
11:41:33.202,1,0,1,0,0
11:41:33.430,1,0,1,0,0
11:41:33.430,1,1,1,0,0
11:41:33.791,1,1,1,0,0
11:41:33.791,1,1,0,0,0
11:41:33.792,1,1,0,0,0
11:41:33.792,0,1,0,0,0
11:41:33.942,0,1,0,0,0
11:41:33.942,0,0,0,0,0
11:41:34.301,0,0,0,0,0
11:41:34.301,0,0,1,0,0
11:41:34.301,0,0,1,0,0
11:41:34.301,1,0,1,0,0
11:41:34.456,1,0,1,0,0
11:41:34.456,1,1,1,0,0
11:41:34.815,1,1,1,0,0
11:41:34.815,1,1,0,0,0
11:41:34.815,1,1,0,0,0
11:41:34.815,0,1,0,0,0
11:41:34.970,0,1,0,0,0
11:41:34.970,0,0,0,0,0
11:41:35.328,0,0,0,0,0
11:41:35.328,0,0,1,0,0
11:41:35.328,0,0,1,0,0
11:41:35.328,1,0,1,0,0
11:41:35.521,1,0,1,0,0
11:41:35.521,1,1,1,0,0
11:41:35.828,1,1,1,0,0
11:41:35.828,1,1,0,0,0
11:41:35.828,1,1,0,0,0
11:41:35.828,0,1,0,0,0
11:41:36.120,0,1,0,0,0
11:41:36.120,0,0,0,0,0
11:41:36.343,0,0,0,0,0
11:41:36.343,0,0,1,0,0
11:41:36.343,0,0,1,0,0
11:41:36.343,1,0,1,0,0
11:41:36.621,1,0,1,0,0
11:41:36.621,1,1,1,0,0
11:41:36.889,1,1,1,0,0
11:41:36.889,1,1,0,0,0
11:41:36.891,1,1,0,0,0
11:41:36.891,0,1,0,0,0
11:41:37.134,0,1,0,0,0
11:41:37.134,0,0,0,0,0
11:41:37.493,0,0,0,0,0
11:41:37.493,0,0,1,0,0
11:41:37.493,0,0,1,0,0
11:41:37.493,1,0,1,0,0
11:41:37.651,1,0,1,0,0
11:41:37.651,1,1,1,0,0
11:41:38.009,1,1,1,0,0
11:41:38.009,1,1,0,0,0
11:41:38.009,1,1,0,0,0
11:41:38.009,0,1,0,0,0
11:41:38.163,0,1,0,0,0
11:41:38.163,0,0,0,0,0
11:41:38.517,0,0,0,0,0
11:41:38.517,0,0,1,0,0
11:41:38.517,0,0,1,0,0
11:41:38.517,1,0,1,0,0
11:41:38.672,1,0,1,0,0
11:41:38.672,1,1,1,0,0
11:41:39.018,1,1,1,0,0
11:41:39.018,1,1,0,0,0
11:41:39.018,1,1,0,0,0
11:41:39.018,0,1,0,0,0
11:41:39.222,0,1,0,0,0
11:41:39.222,0,0,0,0,0
11:41:39.532,0,0,0,0,0
11:41:39.532,0,0,1,0,0
11:41:39.532,0,0,1,0,0
11:41:39.532,1,0,1,0,0
11:41:39.818,1,0,1,0,0
11:41:39.818,1,1,1,0,0
11:41:40.046,1,1,1,0,0
11:41:40.046,1,1,0,0,0
11:41:40.046,1,1,0,0,0
11:41:40.046,0,1,0,0,0
11:41:40.327,0,1,0,0,0
11:41:40.327,0,0,0,0,0
11:41:40.559,0,0,0,0,0
11:41:40.559,0,0,1,0,0
11:41:40.560,0,0,1,0,0
11:41:40.560,1,0,1,0,0
11:41:40.838,1,0,1,0,0
11:41:40.838,1,1,1,0,0
11:41:41.076,1,1,1,0,0
11:41:41.076,1,1,0,0,0
11:41:41.076,1,1,0,0,0
11:41:41.076,0,1,0,0,0
11:41:41.350,0,1,0,0,0
11:41:41.350,0,0,0,0,0
11:41:41.677,0,0,0,0,0
11:41:41.677,0,0,1,0,0
11:41:41.677,0,0,1,0,0
11:41:41.677,1,0,1,0,0
11:41:41.851,1,0,1,0,0
11:41:41.851,1,1,1,0,0
11:41:42.178,1,1,1,0,0
11:41:42.178,1,1,0,0,0
11:41:42.178,1,1,0,0,0
11:41:42.178,0,1,0,0,0
11:41:42.364,0,1,0,0,0
11:41:42.364,0,0,0,0,0
11:41:42.688,0,0,0,0,0
11:41:42.688,0,0,1,0,0
11:41:42.688,0,0,1,0,0
11:41:42.688,1,0,1,0,0
11:41:42.930,1,0,1,0,0
11:41:42.930,1,1,1,0,0
11:41:43.189,1,1,1,0,0
11:41:43.189,1,1,0,0,0
11:41:43.189,1,1,0,0,0
11:41:43.189,0,1,0,0,0
11:41:43.520,0,1,0,0,0
11:41:43.520,0,0,0,0,0
11:41:43.690,0,0,0,0,0
11:41:43.690,0,0,1,0,0
11:41:43.690,0,0,1,0,0
11:41:43.690,1,0,1,0,0
11:41:44.029,1,0,1,0,0
11:41:44.029,1,1,1,0,0
11:41:44.201,1,1,1,0,0
11:41:44.201,1,1,0,0,0
11:41:44.201,1,1,0,0,0
11:41:44.201,0,1,0,0,0
11:41:44.531,0,1,0,0,0
11:41:44.531,0,0,0,0,0
11:41:44.701,0,0,0,0,0
11:41:44.701,0,0,1,0,0
11:41:44.702,0,0,1,0,0
11:41:44.702,1,0,1,0,0
11:41:45.043,1,0,1,0,0
11:41:45.043,1,1,1,0,0
11:41:45.231,1,1,1,0,0
11:41:45.231,1,1,0,0,0
11:41:45.231,1,1,0,0,0
11:41:45.231,0,1,0,0,0
11:41:45.543,0,1,0,0,0
11:41:45.543,0,0,0,0,0
11:41:45.814,0,0,0,0,0
11:41:45.814,0,0,1,0,0
11:41:45.814,0,0,1,0,0
11:41:45.814,1,0,1,0,0
11:41:46.045,1,0,1,0,0
11:41:46.045,1,1,1,0,0
11:41:46.327,1,1,1,0,0
11:41:46.327,1,1,0,0,0
11:41:46.327,1,1,0,0,0
11:41:46.327,0,1,0,0,0
11:41:46.593,0,1,0,0,0
11:41:46.593,0,0,0,0,0
11:41:46.842,0,0,0,0,0
11:41:46.842,0,0,1,0,0
11:41:46.842,0,0,1,0,0
11:41:46.842,1,0,1,0,0
11:41:47.188,1,0,1,0,0
11:41:47.188,1,1,1,0,0
11:41:47.352,1,1,1,0,0
11:41:47.352,1,1,0,0,0
11:41:47.352,1,1,0,0,0
11:41:47.352,0,1,0,0,0
11:41:47.696,0,1,0,0,0
11:41:47.696,0,0,0,0,0
11:41:47.867,0,0,0,0,0
11:41:47.867,0,0,1,0,0
11:41:47.867,0,0,1,0,0
11:41:47.867,1,0,1,0,0
11:41:48.209,1,0,1,0,0
11:41:48.209,1,1,1,0,0
11:41:48.457,1,1,1,0,0
11:41:48.457,1,1,0,0,0
11:41:48.459,1,1,0,0,0
11:41:48.459,0,1,0,0,0
11:41:48.721,0,1,0,0,0
11:41:48.721,0,0,0,0,0
11:41:49.073,0,0,0,0,0
11:41:49.073,0,0,1,0,0
11:41:49.073,0,0,1,0,0
11:41:49.073,1,0,1,0,0
11:41:49.234,1,0,1,0,0
11:41:49.234,1,1,1,0,0
11:41:49.574,1,1,1,0,0
11:41:49.574,1,1,0,0,0
11:41:49.575,1,1,0,0,0
11:41:49.575,0,1,0,0,0
11:41:49.744,0,1,0,0,0
11:41:49.744,0,0,0,0,0
11:41:50.086,0,0,0,0,0
11:41:50.086,0,0,1,0,0
11:41:50.086,0,0,1,0,0
11:41:50.086,1,0,1,0,0
11:41:50.296,1,0,1,0,0
11:41:50.296,1,1,1,0,0
11:41:50.598,1,1,1,0,0
11:41:50.598,1,1,0,0,0
11:41:50.598,1,1,0,0,0
11:41:50.598,0,1,0,0,0
11:41:50.908,0,1,0,0,0
11:41:50.908,0,0,0,0,0
11:41:51.111,0,0,0,0,0
11:41:51.111,0,0,1,0,0
11:41:51.111,0,0,1,0,0
11:41:51.111,1,0,1,0,0
11:41:51.409,1,0,1,0,0
11:41:51.409,1,1,1,0,0
11:41:51.611,1,1,1,0,0
11:41:51.611,1,1,0,0,0
11:41:51.612,1,1,0,0,0
11:41:51.612,0,1,0,0,0
11:41:51.922,0,1,0,0,0
11:41:51.922,0,0,0,0,0
11:41:52.143,0,0,0,0,0
11:41:52.143,0,0,1,0,0
11:41:52.143,0,0,1,0,0
11:41:52.143,1,0,1,0,0
11:41:52.435,1,0,1,0,0
11:41:52.435,1,1,1,0,0
11:41:52.746,1,1,1,0,0
11:41:52.746,1,1,0,0,0
11:41:52.747,1,1,0,0,0
11:41:52.747,0,1,0,0,0
11:41:52.947,0,1,0,0,0
11:41:52.947,0,0,0,0,0
11:41:53.259,0,0,0,0,0
11:41:53.259,0,0,1,0,0
11:41:53.259,0,0,1,0,0
11:41:53.259,1,0,1,0,0
11:41:53.447,1,0,1,0,0
11:41:53.447,1,1,1,0,0
11:41:53.771,1,1,1,0,0
11:41:53.771,1,1,0,0,0
11:41:53.771,1,1,0,0,0
11:41:53.771,0,1,0,0,0
11:41:53.996,0,1,0,0,0
11:41:53.996,0,0,0,0,0
11:41:54.284,0,0,0,0,0
11:41:54.284,0,0,1,0,0
11:41:54.285,0,0,1,0,0
11:41:54.285,1,0,1,0,0
11:41:54.610,1,0,1,0,0
11:41:54.610,1,1,1,0,0
11:41:54.792,1,1,1,0,0
11:41:54.792,1,1,0,0,0
11:41:54.792,1,1,0,0,0
11:41:54.792,0,1,0,0,0
11:41:55.133,0,1,0,0,0
11:41:55.133,0,0,0,0,0
11:41:55.305,0,0,0,0,0
11:41:55.305,0,0,1,0,0
11:41:55.306,0,0,1,0,0
11:41:55.306,1,0,1,0,0
11:41:55.635,1,0,1,0,0
11:41:55.635,1,1,1,0,0
11:41:55.816,1,1,1,0,0
11:41:55.816,1,1,0,0,0
11:41:55.816,1,1,0,0,0
11:41:55.816,0,1,0,0,0
11:41:56.142,0,1,0,0,0
11:41:56.142,0,0,0,0,0
11:41:56.329,0,0,0,0,0
11:41:56.329,0,0,1,0,0
11:41:56.329,0,0,1,0,0
11:41:56.329,1,0,1,0,0
11:41:56.655,1,0,1,0,0
11:41:56.655,1,1,1,0,0
11:41:56.852,1,1,1,0,0
11:41:56.852,1,1,0,0,0
11:41:56.852,1,1,0,0,0
11:41:56.852,0,1,0,0,0
11:41:57.169,0,1,0,0,0
11:41:57.169,0,0,0,0,0
11:41:57.468,0,0,0,0,0
11:41:57.468,0,0,1,0,0
11:41:57.469,0,0,1,0,0
11:41:57.469,1,0,1,0,0
11:41:57.681,1,0,1,0,0
11:41:57.681,1,1,1,0,0
11:41:57.974,1,1,1,0,0
11:41:57.974,1,1,0,0,0
11:41:57.974,1,1,0,0,0
11:41:57.974,0,1,0,0,0
11:41:58.190,0,1,0,0,0
11:41:58.190,0,0,0,0,0
11:41:58.487,0,0,0,0,0
11:41:58.487,0,0,1,0,0
11:41:58.487,0,0,1,0,0
11:41:58.487,1,0,1,0,0
11:41:58.732,1,0,1,0,0
11:41:58.732,1,1,1,0,0
11:41:59.002,1,1,1,0,0
11:41:59.002,1,1,0,0,0
11:41:59.002,1,1,0,0,0
11:41:59.002,0,1,0,0,0
11:41:59.351,0,1,0,0,0
11:41:59.351,0,0,0,0,0
11:41:59.502,0,0,0,0,0
11:41:59.502,0,0,1,0,0
11:41:59.502,0,0,1,0,0
11:41:59.502,1,0,1,0,0
11:41:59.855,1,0,1,0,0
11:41:59.855,1,1,1,0,0
11:42:00.011,1,1,1,0,0
11:42:00.011,1,1,0,0,0
11:42:00.012,1,1,0,0,0
11:42:00.012,0,1,0,0,0
11:42:00.367,0,1,0,0,0
11:42:00.367,0,0,0,0,0
11:42:00.525,0,0,0,0,0
11:42:00.525,0,0,1,0,0
11:42:00.525,0,0,1,0,0
11:42:00.525,1,0,1,0,0
11:42:00.868,1,0,1,0,0
11:42:00.868,1,1,1,0,0
11:42:01.081,1,1,1,0,0
11:42:01.081,1,1,0,0,0
11:42:01.081,1,1,0,0,0
11:42:01.081,0,1,0,0,0
11:42:01.378,0,1,0,0,0
11:42:01.378,0,0,0,0,0
11:42:01.724,0,0,0,0,0
11:42:01.724,0,0,1,0,0
11:42:01.725,0,0,1,0,0
11:42:01.725,1,0,1,0,0
11:42:01.892,1,0,1,0,0
11:42:01.892,1,1,1,0,0
11:42:02.234,1,1,1,0,0
11:42:02.234,1,1,0,0,0
11:42:02.234,1,1,0,0,0
11:42:02.234,0,1,0,0,0
11:42:02.405,0,1,0,0,0
11:42:02.405,0,0,0,0,0
11:42:02.733,0,0,0,0,0
11:42:02.733,0,0,1,0,0
11:42:02.734,0,0,1,0,0
11:42:02.734,1,0,1,0,0
11:42:02.945,1,0,1,0,0
11:42:02.945,1,1,1,0,0
11:42:03.246,1,1,1,0,0
11:42:03.246,1,1,0,0,0
11:42:03.246,1,1,0,0,0
11:42:03.246,0,1,0,0,0
11:42:03.566,0,1,0,0,0
11:42:03.566,0,0,0,0,0
11:42:03.759,0,0,0,0,0
11:42:03.759,0,0,1,0,0
11:42:03.759,0,0,1,0,0
11:42:03.759,1,0,1,0,0
11:42:04.073,1,0,1,0,0
11:42:04.073,1,1,1,0,0
11:42:04.273,1,1,1,0,0
11:42:04.273,1,1,0,0,0
11:42:04.273,1,1,0,0,0
11:42:04.273,0,1,0,0,0
11:42:04.582,0,1,0,0,0
11:42:04.582,0,0,0,0,0
11:42:04.794,0,0,0,0,0
11:42:04.794,0,0,1,0,0
11:42:04.794,0,0,1,0,0
11:42:04.794,1,0,1,0,0
11:42:05.096,1,0,1,0,0
11:42:05.096,1,1,1,0,0
11:42:05.417,1,1,1,0,0
11:42:05.417,1,1,0,0,0
11:42:05.418,1,1,0,0,0
11:42:05.418,0,1,0,0,0
11:42:05.597,0,1,0,0,0
11:42:05.597,0,0,0,0,0
11:42:05.919,0,0,0,0,0
11:42:05.919,0,0,1,0,0
11:42:05.920,0,0,1,0,0
11:42:05.920,1,0,1,0,0
11:42:06.106,1,0,1,0,0
11:42:06.106,1,1,1,0,0
11:42:06.419,1,1,1,0,0
11:42:06.419,1,1,0,0,0
11:42:06.420,1,1,0,0,0
11:42:06.420,0,1,0,0,0
11:42:06.677,0,1,0,0,0
11:42:06.677,0,0,0,0,0
11:42:06.932,0,0,0,0,0
11:42:06.932,0,0,1,0,0
11:42:06.932,0,0,1,0,0
11:42:06.932,1,0,1,0,0
11:42:07.336,1,0,1,0,0
11:42:07.336,1,1,1,0,0
11:42:07.446,1,1,1,0,0
11:42:07.446,1,1,0,0,0
11:42:07.446,1,1,0,0,0
11:42:07.446,0,1,0,0,0
11:42:07.846,0,1,0,0,0
11:42:07.846,0,0,0,0,0
11:42:07.946,0,0,0,0,0
11:42:07.946,0,0,1,0,0
11:42:07.946,0,0,1,0,0
11:42:07.946,1,0,1,0,0
11:42:08.351,1,0,1,0,0
11:42:08.351,1,1,1,0,0
11:42:08.458,1,1,1,0,0
11:42:08.458,1,1,0,0,0
11:42:08.458,1,1,0,0,0
11:42:08.458,0,1,0,0,0
11:42:08.862,0,1,0,0,0
11:42:08.862,0,0,0,0,0
11:42:08.970,0,0,0,0,0
11:42:08.970,0,0,1,0,0
11:42:08.970,0,0,1,0,0
11:42:08.970,1,0,1,0,0
11:42:09.362,1,0,1,0,0
11:42:09.362,1,1,1,0,0
11:42:09.513,1,1,1,0,0
11:42:09.513,1,1,0,0,0
11:42:09.513,1,1,0,0,0
11:42:09.513,0,1,0,0,0
11:42:09.873,0,1,0,0,0
11:42:09.873,0,0,0,0,0
11:42:10.121,0,0,0,0,0
11:42:10.121,0,0,1,0,0
11:42:10.121,0,0,1,0,0
11:42:10.121,1,0,1,0,0
11:42:10.425,1,0,1,0,0
11:42:10.425,1,1,1,0,0
11:42:10.633,1,1,1,0,0
11:42:10.633,1,1,0,0,0
11:42:10.633,1,1,0,0,0
11:42:10.633,0,1,0,0,0
11:42:11.035,0,1,0,0,0
11:42:11.035,0,0,0,0,0
11:42:11.135,0,0,0,0,0
11:42:11.135,0,0,1,0,0
11:42:11.135,0,0,1,0,0
11:42:11.135,1,0,1,0,0
11:42:11.539,1,0,1,0,0
11:42:11.539,1,1,1,0,0
11:42:11.649,1,1,1,0,0
11:42:11.649,1,1,0,0,0
11:42:11.649,1,1,0,0,0
11:42:11.649,0,1,0,0,0
11:42:12.053,0,1,0,0,0
11:42:12.053,0,0,0,0,0
11:42:12.160,0,0,0,0,0
11:42:12.160,0,0,1,0,0
11:42:12.161,0,0,1,0,0
11:42:12.161,1,0,1,0,0
11:42:12.566,1,0,1,0,0
11:42:12.566,1,1,1,0,0
11:42:12.674,1,1,1,0,0
11:42:12.674,1,1,0,0,0
11:42:12.674,1,1,0,0,0
11:42:12.674,0,1,0,0,0
11:42:13.081,0,1,0,0,0
11:42:13.081,0,0,0,0,0
11:42:13.193,0,0,0,0,0
11:42:13.193,0,0,1,0,0
11:42:13.194,0,0,1,0,0
11:42:13.194,1,0,1,0,0
11:42:13.591,1,0,1,0,0
11:42:13.591,1,1,1,0,0
11:42:13.821,1,1,1,0,0
11:42:13.821,1,1,0,0,0
11:42:13.821,1,1,0,0,0
11:42:13.821,0,1,0,0,0
11:42:14.120,0,1,0,0,0
11:42:14.120,0,0,0,0,0
11:42:14.321,0,0,0,0,0
11:42:14.321,0,0,1,0,0
11:42:14.321,0,0,1,0,0
11:42:14.321,1,0,1,0,0
11:42:14.741,1,0,1,0,0
11:42:14.741,1,1,1,0,0
11:42:14.835,1,1,1,0,0
11:42:14.835,1,1,0,0,0
11:42:14.835,1,1,0,0,0
11:42:14.835,0,1,0,0,0
11:42:15.256,0,1,0,0,0
11:42:15.256,0,0,0,0,0
11:42:15.336,0,0,0,0,0
11:42:15.336,0,0,1,0,0
11:42:15.336,0,0,1,0,0
11:42:15.336,1,0,1,0,0
11:42:15.769,1,0,1,0,0
11:42:15.769,1,1,1,0,0
11:42:15.846,1,1,1,0,0
11:42:15.846,1,1,0,0,0
11:42:15.846,1,1,0,0,0
11:42:15.846,0,1,0,0,0
11:42:16.281,0,1,0,0,0
11:42:16.281,0,0,0,0,0
11:42:16.361,0,0,0,0,0
11:42:16.361,0,0,1,0,0
11:42:16.361,0,0,1,0,0
11:42:16.361,1,0,1,0,0
11:42:16.781,1,0,1,0,0
11:42:16.781,1,1,1,0,0
11:42:16.874,1,1,1,0,0
11:42:16.874,1,1,0,0,0
11:42:16.874,1,1,0,0,0
11:42:16.874,0,1,0,0,0
11:42:17.291,0,1,0,0,0
11:42:17.291,0,0,0,0,0
11:42:17.393,0,0,0,0,0
11:42:17.393,0,0,1,0,0
11:42:17.393,0,0,1,0,0
11:42:17.393,1,0,1,0,0
11:42:17.803,1,0,1,0,0
11:42:17.803,1,1,1,0,0
11:42:17.992,1,1,1,0,0
11:42:17.992,1,1,0,0,0
11:42:17.992,1,1,0,0,0
11:42:17.992,0,1,0,0,0
11:42:18.437,0,1,0,0,0
11:42:18.437,0,0,0,0,0
11:42:18.502,0,0,0,0,0
11:42:18.502,0,0,1,0,0
11:42:18.502,0,0,1,0,0
11:42:18.502,1,0,1,0,0
11:42:18.937,1,0,1,0,0
11:42:18.937,1,1,1,0,0
11:42:19.013,1,1,1,0,0
11:42:19.013,1,1,0,0,0
11:42:19.013,1,1,0,0,0
11:42:19.013,0,1,0,0,0
11:42:19.450,0,1,0,0,0
11:42:19.450,0,0,0,0,0
11:42:19.513,0,0,0,0,0
11:42:19.513,0,0,1,0,0
11:42:19.514,0,0,1,0,0
11:42:19.514,1,0,1,0,0
11:42:19.950,1,0,1,0,0
11:42:19.950,1,1,1,0,0
11:42:20.027,1,1,1,0,0
11:42:20.027,1,1,0,0,0
11:42:20.027,1,1,0,0,0
11:42:20.027,0,1,0,0,0
11:42:20.463,0,1,0,0,0
11:42:20.463,0,0,0,0,0
11:42:20.539,0,0,0,0,0
11:42:20.539,0,0,1,0,0
11:42:20.539,0,0,1,0,0
11:42:20.539,1,0,1,0,0
11:42:20.975,1,0,1,0,0
11:42:20.975,1,1,1,0,0
11:42:21.060,1,1,1,0,0
11:42:21.060,1,1,0,0,0
11:42:21.060,1,1,0,0,0
11:42:21.060,0,1,0,0,0
11:42:21.516,0,1,0,0,0
11:42:21.516,0,0,0,0,0
11:42:21.660,0,0,0,0,0
11:42:21.660,0,0,1,0,0
11:42:21.660,0,0,1,0,0
11:42:21.660,1,0,1,0,0
11:42:22.122,1,0,1,0,0
11:42:22.122,1,1,1,0,0
11:42:22.162,1,1,1,0,0
11:42:22.162,1,1,0,0,0
11:42:22.162,1,1,0,0,0
11:42:22.162,0,1,0,0,0
11:42:22.632,0,1,0,0,0
11:42:22.632,0,0,0,0,0
11:42:22.663,0,0,0,0,0
11:42:22.663,0,0,1,0,0
11:42:22.663,0,0,1,0,0
11:42:22.663,1,0,1,0,0
11:42:23.143,1,0,1,0,0
11:42:23.143,1,1,1,0,0
11:42:23.174,1,1,1,0,0
11:42:23.174,1,1,0,0,0
11:42:23.174,1,1,0,0,0
11:42:23.174,0,1,0,0,0
11:42:23.653,0,1,0,0,0
11:42:23.653,0,0,0,0,0
11:42:23.683,0,0,0,0,0
11:42:23.683,0,0,1,0,0
11:42:23.683,0,0,1,0,0
11:42:23.683,1,0,1,0,0
11:42:24.159,1,0,1,0,0
11:42:24.159,1,1,1,0,0
11:42:24.186,1,1,1,0,0
11:42:24.186,1,1,0,0,0
11:42:24.186,1,1,0,0,0
11:42:24.186,0,1,0,0,0
11:42:24.662,0,1,0,0,0
11:42:24.662,0,0,0,0,0
11:42:24.694,0,0,0,0,0
11:42:24.694,0,0,1,0,0
11:42:24.694,0,0,1,0,0
11:42:24.694,1,0,1,0,0
13:53:49.480,0,0,0,0,0
13:53:49.480,1,0,0,0,0
13:53:49.996,1,0,0,0,0
13:53:49.996,0,0,0,0,0
13:53:50.498,0,0,0,0,0
13:53:50.498,1,0,0,0,0
13:53:51.012,1,0,0,0,0
13:53:51.012,0,0,0,0,0
13:53:51.512,0,0,0,0,0
13:53:51.512,1,0,0,0,0
13:53:52.024,1,0,0,0,0
13:53:52.024,0,0,0,0,0
13:53:52.560,0,0,0,0,0
13:53:52.560,1,0,0,0,0
13:53:53.063,1,0,0,0,0
13:53:53.063,0,0,0,0,0
13:53:53.563,0,0,0,0,0
13:53:53.563,1,0,0,0,0
13:53:54.075,1,0,0,0,0
13:53:54.075,0,0,0,0,0
13:53:54.588,0,0,0,0,0
13:53:54.588,1,0,0,0,0
13:53:55.089,1,0,0,0,0
13:53:55.089,0,0,0,0,0
13:53:55.600,0,0,0,0,0
13:53:55.600,1,0,0,0,0
13:53:56.114,1,0,0,0,0
13:53:56.114,0,0,0,0,0
13:53:56.619,0,0,0,0,0
13:53:56.619,1,0,0,0,0
13:53:57.130,1,0,0,0,0
13:53:57.130,0,0,0,0,0
13:53:57.631,0,0,0,0,0
13:53:57.631,1,0,0,0,0
13:53:58.143,1,0,0,0,0
13:53:58.143,0,0,0,0,0
13:53:58.656,0,0,0,0,0
13:53:58.656,1,0,0,0,0
13:53:59.169,1,0,0,0,0
13:53:59.169,0,0,0,0,0
13:53:59.683,0,0,0,0,0
13:53:59.683,1,0,0,0,0
13:54:00.205,1,0,0,0,0
13:54:00.205,0,0,0,0,0
13:54:00.713,0,0,0,0,0
13:54:00.713,1,0,0,0,0
13:54:01.223,1,0,0,0,0
13:54:01.223,0,0,0,0,0
13:54:01.736,0,0,0,0,0
13:54:01.736,1,0,0,0,0
13:54:02.252,1,0,0,0,0
13:54:02.252,0,0,0,0,0
13:54:02.775,0,0,0,0,0
13:54:02.775,1,0,0,0,0
13:54:03.289,1,0,0,0,0
13:54:03.289,0,0,0,0,0
13:54:03.790,0,0,0,0,0
13:54:03.790,1,0,0,0,0
13:54:04.305,1,0,0,0,0
13:54:04.305,0,0,0,0,0
13:54:04.820,0,0,0,0,0
13:54:04.820,1,0,0,0,0
13:54:05.370,1,0,0,0,0
13:54:05.370,0,0,0,0,0
13:54:05.877,0,0,0,0,0
13:54:05.877,1,0,0,0,0
13:54:06.377,1,0,0,0,0
13:54:06.377,0,0,0,0,0
13:54:06.892,0,0,0,0,0
13:54:06.892,1,0,0,0,0
13:54:07.402,1,0,0,0,0
13:54:07.402,0,0,0,0,0
13:54:07.913,0,0,0,0,0
13:54:07.913,1,0,0,0,0
13:54:08.421,1,0,0,0,0
13:54:08.421,0,0,0,0,0
13:54:08.921,0,0,0,0,0
13:54:08.921,1,0,0,0,0
13:54:09.426,1,0,0,0,0
13:54:09.426,0,0,0,0,0
13:54:09.926,0,0,0,0,0
13:54:09.926,1,0,0,0,0
13:54:10.437,1,0,0,0,0
13:54:10.437,0,0,0,0,0
13:54:10.948,0,0,0,0,0
13:54:10.948,1,0,0,0,0
13:54:11.458,1,0,0,0,0
13:54:11.458,0,0,0,0,0
13:54:11.963,0,0,0,0,0
13:54:11.963,1,0,0,0,0
13:54:12.467,1,0,0,0,0
13:54:12.467,0,0,0,0,0
13:54:12.970,0,0,0,0,0
13:54:12.970,1,0,0,0,0
13:54:13.472,1,0,0,0,0
13:54:13.472,0,0,0,0,0
13:54:13.980,0,0,0,0,0
13:54:13.980,1,0,0,0,0
13:54:14.491,1,0,0,0,0
13:54:14.491,0,0,0,0,0
13:54:15.005,0,0,0,0,0
13:54:15.005,1,0,0,0,0
13:54:15.526,1,0,0,0,0
13:54:15.526,0,0,0,0,0
13:54:16.040,0,0,0,0,0
13:54:16.040,1,0,0,0,0
13:54:16.555,1,0,0,0,0
13:54:16.555,0,0,0,0,0
13:54:17.067,0,0,0,0,0
13:54:17.067,1,0,0,0,0
13:54:17.581,1,0,0,0,0
13:54:17.581,0,0,0,0,0
13:54:18.094,0,0,0,0,0
13:54:18.094,1,0,0,0,0
13:54:18.595,1,0,0,0,0
13:54:18.595,0,0,0,0,0
13:54:19.108,0,0,0,0,0
13:54:19.108,1,0,0,0,0
13:54:19.621,1,0,0,0,0
13:54:19.621,0,0,0,0,0
13:54:20.125,0,0,0,0,0
13:54:20.125,1,0,0,0,0
13:54:20.635,1,0,0,0,0
13:54:20.635,0,0,0,0,0
13:54:21.146,0,0,0,0,0
13:54:21.146,1,0,0,0,0
13:54:21.660,1,0,0,0,0
13:54:21.660,0,0,0,0,0
13:54:22.173,0,0,0,0,0
13:54:22.173,1,0,0,0,0
13:54:22.679,1,0,0,0,0
13:54:22.679,0,0,0,0,0
13:54:23.188,0,0,0,0,0
13:54:23.188,1,0,0,0,0
13:54:23.699,1,0,0,0,0
13:54:23.699,0,0,0,0,0
13:54:24.213,0,0,0,0,0
13:54:24.213,1,0,0,0,0
13:54:24.725,1,0,0,0,0
13:54:24.725,0,0,0,0,0
13:54:25.225,0,0,0,0,0
13:54:25.225,1,0,0,0,0
13:54:25.736,1,0,0,0,0
13:54:25.736,0,0,0,0,0
13:54:26.249,0,0,0,0,0
13:54:26.249,1,0,0,0,0
13:54:26.750,1,0,0,0,0
13:54:26.750,0,0,0,0,0
13:54:27.265,0,0,0,0,0
13:54:27.265,1,0,0,0,0
13:54:27.776,1,0,0,0,0
13:54:27.776,0,0,0,0,0
13:54:28.286,0,0,0,0,0
13:54:28.286,1,0,0,0,0
13:54:28.788,1,0,0,0,0
13:54:28.788,0,0,0,0,0
13:54:29.291,0,0,0,0,0
13:54:29.291,1,0,0,0,0
13:54:29.802,1,0,0,0,0
13:54:29.802,0,0,0,0,0
13:54:30.306,0,0,0,0,0
13:54:30.306,1,0,0,0,0
13:54:30.816,1,0,0,0,0
13:54:30.816,0,0,0,0,0
13:54:31.331,0,0,0,0,0
13:54:31.331,1,0,0,0,0
13:54:31.831,1,0,0,0,0
13:54:31.831,0,0,0,0,0
13:54:32.343,0,0,0,0,0
13:54:32.343,1,0,0,0,0
13:54:32.844,1,0,0,0,0
13:54:32.844,0,0,0,0,0
13:54:33.381,0,0,0,0,0
13:54:33.381,1,0,0,0,0
13:54:33.886,1,0,0,0,0
13:54:33.886,0,0,0,0,0
13:54:34.398,0,0,0,0,0
13:54:34.398,1,0,0,0,0
13:54:34.911,1,0,0,0,0
13:54:34.911,0,0,0,0,0
13:54:35.425,0,0,0,0,0
13:54:35.425,1,0,0,0,0
13:54:35.966,1,0,0,0,0
13:54:35.966,0,0,0,0,0
13:54:36.475,0,0,0,0,0
13:54:36.475,1,0,0,0,0
13:54:36.979,1,0,0,0,0
13:54:36.979,0,0,0,0,0
13:54:37.484,0,0,0,0,0
13:54:37.484,1,0,0,0,0
13:54:37.993,1,0,0,0,0
13:54:37.993,0,0,0,0,0
13:54:38.523,0,0,0,0,0
13:54:38.523,1,0,0,0,0
13:54:39.023,1,0,0,0,0
13:54:39.023,0,0,0,0,0
13:54:39.527,0,0,0,0,0
13:54:39.527,1,0,0,0,0
13:54:40.035,1,0,0,0,0
13:54:40.035,0,0,0,0,0
13:54:40.549,0,0,0,0,0
13:54:40.549,1,0,0,0,0
13:54:41.062,1,0,0,0,0
13:54:41.062,0,0,0,0,0
13:54:41.600,0,0,0,0,0
13:54:41.600,1,0,0,0,0
13:54:42.115,1,0,0,0,0
13:54:42.115,0,0,0,0,0
13:54:42.627,0,0,0,0,0
13:54:42.627,1,0,0,0,0
13:54:43.141,1,0,0,0,0
13:54:43.141,0,0,0,0,0
13:54:43.643,0,0,0,0,0
13:54:43.643,1,0,0,0,0
13:54:44.169,1,0,0,0,0
13:54:44.169,0,0,0,0,0
13:54:44.684,0,0,0,0,0
13:54:44.684,1,0,0,0,0
13:54:45.195,1,0,0,0,0
13:54:45.195,0,0,0,0,0
13:54:45.696,0,0,0,0,0
13:54:45.696,1,0,0,0,0
13:54:46.211,1,0,0,0,0
13:54:46.211,0,0,0,0,0
13:54:46.758,0,0,0,0,0
13:54:46.758,1,0,0,0,0
13:54:47.281,1,0,0,0,0
13:54:47.281,0,0,0,0,0
13:54:47.796,0,0,0,0,0
13:54:47.796,1,0,0,0,0
13:54:48.306,1,0,0,0,0
13:54:48.306,0,0,0,0,0
13:54:48.819,0,0,0,0,0
13:54:48.819,1,0,0,0,0
13:54:49.364,1,0,0,0,0
13:54:49.364,0,0,0,0,0
13:54:49.871,0,0,0,0,0
13:54:49.871,1,0,0,0,0
13:54:50.382,1,0,0,0,0
13:54:50.382,0,0,0,0,0
13:54:50.896,0,0,0,0,0
13:54:50.896,1,0,0,0,0
13:54:51.410,1,0,0,0,0
13:54:51.410,0,0,0,0,0
13:54:51.962,0,0,0,0,0
13:54:51.962,1,0,0,0,0
13:54:52.467,1,0,0,0,0
13:54:52.467,0,0,0,0,0
13:54:52.980,0,0,0,0,0
13:54:52.980,1,0,0,0,0
13:54:53.495,1,0,0,0,0
13:54:53.495,0,0,0,0,0
13:54:54.007,0,0,0,0,0
13:54:54.007,1,0,0,0,0
13:54:54.510,1,0,0,0,0
13:54:54.510,0,0,0,0,0
13:54:55.017,0,0,0,0,0
13:54:55.017,1,0,0,0,0
13:54:55.526,1,0,0,0,0
13:54:55.526,0,0,0,0,0
13:54:56.026,0,0,0,0,0
13:54:56.026,1,0,0,0,0
13:54:56.527,1,0,0,0,0
13:54:56.527,0,0,0,0,0
13:54:57.037,0,0,0,0,0
13:54:57.037,1,0,0,0,0
13:54:57.593,1,0,0,0,0
13:54:57.593,0,0,0,0,0
13:54:58.094,0,0,0,0,0
13:54:58.094,1,0,0,0,0
13:54:58.606,1,0,0,0,0
13:54:58.606,0,0,0,0,0
13:54:59.110,0,0,0,0,0
13:54:59.110,1,0,0,0,0
13:54:59.624,1,0,0,0,0
13:54:59.624,0,0,0,0,0
13:55:00.178,0,0,0,0,0
13:55:00.178,1,0,0,0,0
13:55:00.683,1,0,0,0,0
13:55:00.683,0,0,0,0,0
13:55:01.182,0,0,0,0,0
13:55:01.182,1,0,0,0,0
13:55:01.684,1,0,0,0,0
13:55:01.684,0,0,0,0,0
13:55:02.184,0,0,0,0,0
13:55:02.184,1,0,0,0,0
13:55:02.751,1,0,0,0,0
13:55:02.751,0,0,0,0,0
13:55:03.256,0,0,0,0,0
13:55:03.256,1,0,0,0,0
13:55:03.770,1,0,0,0,0
13:55:03.770,0,0,0,0,0
13:55:04.272,0,0,0,0,0
13:55:04.272,1,0,0,0,0
13:55:04.776,1,0,0,0,0
13:55:04.776,0,0,0,0,0
13:55:05.419,0,0,0,0,0
13:55:05.419,1,0,0,0,0
13:55:05.922,1,0,0,0,0
13:55:05.922,0,0,0,0,0
13:55:06.434,0,0,0,0,0
13:55:06.434,1,0,0,0,0
13:55:06.948,1,0,0,0,0
13:55:06.948,0,0,0,0,0
13:55:07.450,0,0,0,0,0
13:55:07.450,1,0,0,0,0
13:55:07.961,1,0,0,0,0
13:55:07.961,0,0,0,0,0
13:55:08.477,0,0,0,0,0
13:55:08.477,1,0,0,0,0
13:55:09.014,1,0,0,0,0
13:55:09.014,0,0,0,0,0
13:55:09.529,0,0,0,0,0
13:55:09.529,1,0,0,0,0
13:55:10.043,1,0,0,0,0
13:55:10.043,0,0,0,0,0
13:55:10.554,0,0,0,0,0
13:55:10.554,1,0,0,0,0
13:55:11.064,1,0,0,0,0
13:55:11.064,0,0,0,0,0
13:55:11.616,0,0,0,0,0
13:55:11.616,1,0,0,0,0
13:55:12.142,1,0,0,0,0
13:55:12.142,0,0,0,0,0
13:55:12.648,0,0,0,0,0
13:55:12.648,1,0,0,0,0
13:55:13.157,1,0,0,0,0
13:55:13.157,0,0,0,0,0
13:55:13.670,0,0,0,0,0
13:55:13.670,1,0,0,0,0
13:55:14.182,1,0,0,0,0
13:55:14.182,0,0,0,0,0
13:55:14.694,0,0,0,0,0
13:55:14.694,1,0,0,0,0
13:55:15.194,1,0,0,0,0
13:55:15.194,0,0,0,0,0
13:55:15.723,0,0,0,0,0
13:55:15.723,1,0,0,0,0
13:55:16.225,1,0,0,0,0
13:55:16.225,0,0,0,0,0
13:55:16.739,0,0,0,0,0
13:55:16.739,1,0,0,0,0
13:55:17.251,1,0,0,0,0
13:55:17.251,0,0,0,0,0
13:55:17.754,0,0,0,0,0
13:55:17.754,1,0,0,0,0
13:55:18.262,1,0,0,0,0
13:55:18.262,0,0,0,0,0
13:55:18.795,0,0,0,0,0
13:55:18.795,1,0,0,0,0
13:55:19.388,1,0,0,0,0
13:55:19.388,0,0,0,0,0
13:55:19.898,0,0,0,0,0
13:55:19.898,1,0,0,0,0
13:55:20.409,1,0,0,0,0
13:55:20.409,0,0,0,0,0
13:55:20.922,0,0,0,0,0
13:55:20.922,1,0,0,0,0
13:55:21.435,1,0,0,0,0
13:55:21.435,0,0,0,0,0
13:55:21.953,0,0,0,0,0
13:55:21.953,1,0,0,0,0
13:55:22.568,1,0,0,0,0
13:55:22.568,0,0,0,0,0
13:55:23.073,0,0,0,0,0
13:55:23.073,1,0,0,0,0
13:55:23.574,1,0,0,0,0
13:55:23.574,0,0,0,0,0
13:55:24.085,0,0,0,0,0
13:55:24.085,1,0,0,0,0
13:55:24.596,1,0,0,0,0
13:55:24.596,0,0,0,0,0
13:55:25.096,0,0,0,0,0
13:55:25.096,1,0,0,0,0
13:55:25.614,1,0,0,0,0
13:55:25.614,0,0,0,0,0
13:55:26.268,0,0,0,0,0
13:55:26.268,1,0,0,0,0
13:55:26.773,1,0,0,0,0
13:55:26.773,0,0,0,0,0
13:55:27.273,0,0,0,0,0
13:55:27.273,1,0,0,0,0
13:55:27.786,1,0,0,0,0
13:55:27.786,0,0,0,0,0
13:55:28.326,0,0,0,0,0
13:55:28.326,1,0,0,0,0
13:55:28.937,1,0,0,0,0
13:55:28.937,0,0,0,0,0
13:55:29.438,0,0,0,0,0
13:55:29.438,1,0,0,0,0
13:55:29.950,1,0,0,0,0
13:55:29.950,0,0,0,0,0
13:55:30.463,0,0,0,0,0
13:55:30.463,1,0,0,0,0
13:55:30.977,1,0,0,0,0
13:55:30.977,0,0,0,0,0
13:55:31.506,0,0,0,0,0
13:55:31.506,1,0,0,0,0
13:55:32.054,1,0,0,0,0
13:55:32.054,0,0,0,0,0
13:55:32.566,0,0,0,0,0
13:55:32.566,1,0,0,0,0
13:55:33.078,1,0,0,0,0
13:55:33.078,0,0,0,0,0
13:55:33.590,0,0,0,0,0
13:55:33.590,1,0,0,0,0
13:55:34.102,1,0,0,0,0
13:55:34.102,0,0,0,0,0
13:55:34.615,0,0,0,0,0
13:55:34.615,1,0,0,0,0
13:55:35.167,1,0,0,0,0
13:55:35.167,0,0,0,0,0
13:55:35.769,0,0,0,0,0
13:55:35.769,1,0,0,0,0
13:55:36.278,1,0,0,0,0
13:55:36.278,0,0,0,0,0
13:55:36.788,0,0,0,0,0
13:55:36.788,1,0,0,0,0
13:55:37.301,1,0,0,0,0
13:55:37.301,0,0,0,0,0
13:55:37.857,0,0,0,0,0
13:55:37.857,1,0,0,0,0
13:55:38.502,1,0,0,0,0
13:55:38.502,0,0,0,0,0
13:55:39.010,0,0,0,0,0
13:55:39.010,1,0,0,0,0
13:55:39.510,1,0,0,0,0
13:55:39.510,0,0,0,0,0
13:55:40.021,0,0,0,0,0
13:55:40.021,1,0,0,0,0
13:55:40.576,1,0,0,0,0
13:55:40.576,0,0,0,0,0
13:55:41.215,0,0,0,0,0
13:55:41.215,1,0,0,0,0
13:55:41.720,1,0,0,0,0
13:55:41.720,0,0,0,0,0
13:55:42.232,0,0,0,0,0
13:55:42.232,1,0,0,0,0
13:55:42.745,1,0,0,0,0
13:55:42.745,0,0,0,0,0
13:55:43.254,0,0,0,0,0
13:55:43.254,1,0,0,0,0
13:55:43.758,1,0,0,0,0
13:55:43.758,0,0,0,0,0
13:55:44.353,0,0,0,0,0
13:55:44.353,1,0,0,0,0
13:55:44.856,1,0,0,0,0
13:55:44.856,0,0,0,0,0
13:55:45.365,0,0,0,0,0
13:55:45.365,1,0,0,0,0
13:55:45.877,1,0,0,0,0
13:55:45.877,0,0,0,0,0
13:55:46.379,0,0,0,0,0
13:55:46.379,1,0,0,0,0
13:55:46.929,1,0,0,0,0
13:55:46.929,0,0,0,0,0
13:55:47.540,0,0,0,0,0
13:55:47.540,1,0,0,0,0
13:55:48.042,1,0,0,0,0
13:55:48.042,0,0,0,0,0
13:55:48.550,0,0,0,0,0
13:55:48.550,1,0,0,0,0
13:55:49.053,1,0,0,0,0
13:55:49.053,0,0,0,0,0
13:55:49.554,0,0,0,0,0
13:55:49.554,1,0,0,0,0
13:55:50.060,1,0,0,0,0
13:55:50.060,0,0,0,0,0
13:55:50.631,0,0,0,0,0
13:55:50.631,1,0,0,0,0
13:55:50.731,1,0,0,0,0
13:55:50.731,0,0,0,0,0
13:55:53.406,0,0,0,0,0
13:55:53.406,1,0,0,0,0
13:55:53.917,1,0,0,0,0
13:55:53.917,0,0,0,0,0
13:55:54.435,0,0,0,0,0
13:55:54.435,1,0,0,0,0
13:55:54.943,1,0,0,0,0
13:55:54.943,0,0,0,0,0
13:55:55.453,0,0,0,0,0
13:55:55.453,1,0,0,0,0
13:55:55.965,1,0,0,0,0
13:55:55.965,0,0,0,0,0
13:55:56.477,0,0,0,0,0
13:55:56.477,1,0,0,0,0
13:55:56.983,1,0,0,0,0
13:55:56.983,0,0,0,0,0
13:55:57.484,0,0,0,0,0
13:55:57.484,1,0,0,0,0
13:55:57.994,1,0,0,0,0
13:55:57.994,0,0,0,0,0
13:55:58.509,0,0,0,0,0
13:55:58.509,1,0,0,0,0
13:55:59.021,1,0,0,0,0
13:55:59.021,0,0,0,0,0
13:55:59.534,0,0,0,0,0
13:55:59.534,1,0,0,0,0
13:56:00.046,1,0,0,0,0
13:56:00.046,0,0,0,0,0
13:56:00.547,0,0,0,0,0
13:56:00.547,1,0,0,0,0
13:56:01.061,1,0,0,0,0
13:56:01.061,0,0,0,0,0
13:56:01.575,0,0,0,0,0
13:56:01.575,1,0,0,0,0
13:56:02.104,1,0,0,0,0
13:56:02.104,0,0,0,0,0
13:56:02.614,0,0,0,0,0
13:56:02.614,1,0,0,0,0
13:56:03.127,1,0,0,0,0
13:56:03.127,0,0,0,0,0
13:56:03.629,0,0,0,0,0
13:56:03.629,1,0,0,0,0
13:56:04.129,1,0,0,0,0
13:56:04.129,0,0,0,0,0
13:56:04.647,0,0,0,0,0
13:56:04.647,1,0,0,0,0
13:56:05.156,1,0,0,0,0
13:56:05.156,0,0,0,0,0
13:56:05.656,0,0,0,0,0
13:56:05.656,1,0,0,0,0
13:56:06.161,1,0,0,0,0
13:56:06.161,0,0,0,0,0
13:56:06.662,0,0,0,0,0
13:56:06.662,1,0,0,0,0
13:56:07.172,1,0,0,0,0
13:56:07.172,0,0,0,0,0
13:56:07.685,0,0,0,0,0
13:56:07.685,1,0,0,0,0
13:56:08.198,1,0,0,0,0
13:56:08.198,0,0,0,0,0
13:56:08.711,0,0,0,0,0
13:56:08.711,1,0,0,0,0
13:56:09.215,1,0,0,0,0
13:56:09.215,0,0,0,0,0
13:56:09.720,0,0,0,0,0
13:56:09.720,1,0,0,0,0
13:56:10.221,1,0,0,0,0
13:56:10.221,0,0,0,0,0
13:56:10.729,0,0,0,0,0
13:56:10.729,1,0,0,0,0
13:56:11.242,1,0,0,0,0
13:56:11.242,0,0,0,0,0
13:56:11.755,0,0,0,0,0
13:56:11.755,1,0,0,0,0
13:56:12.263,1,0,0,0,0
13:56:12.263,0,0,0,0,0
13:56:12.768,0,0,0,0,0
13:56:12.768,1,0,0,0,0
13:56:13.281,1,0,0,0,0
13:56:13.281,0,0,0,0,0
13:56:13.792,0,0,0,0,0
13:56:13.792,1,0,0,0,0
13:56:14.305,1,0,0,0,0
13:56:14.305,0,0,0,0,0
13:56:14.819,0,0,0,0,0
13:56:14.819,1,0,0,0,0
13:56:15.329,1,0,0,0,0
13:56:15.329,0,0,0,0,0
13:56:15.841,0,0,0,0,0
13:56:15.841,1,0,0,0,0
13:56:16.349,1,0,0,0,0
13:56:16.349,0,0,0,0,0
13:56:16.861,0,0,0,0,0
13:56:16.861,1,0,0,0,0
13:56:17.377,1,0,0,0,0
13:56:17.377,0,0,0,0,0
13:56:17.897,0,0,0,0,0
13:56:17.897,1,0,0,0,0
13:56:18.397,1,0,0,0,0
13:56:18.397,0,0,0,0,0
13:56:18.908,0,0,0,0,0
13:56:18.908,1,0,0,0,0
13:56:19.420,1,0,0,0,0
13:56:19.420,0,0,0,0,0
13:56:19.929,0,0,0,0,0
13:56:19.929,1,0,0,0,0
13:56:20.432,1,0,0,0,0
13:56:20.432,0,0,0,0,0
13:56:20.948,0,0,0,0,0
13:56:20.948,1,0,0,0,0
13:56:21.449,1,0,0,0,0
13:56:21.449,0,0,0,0,0
13:56:21.963,0,0,0,0,0
13:56:21.963,1,0,0,0,0
13:56:22.477,1,0,0,0,0
13:56:22.477,0,0,0,0,0
13:56:23.006,0,0,0,0,0
13:56:23.006,1,0,0,0,0
13:56:23.517,1,0,0,0,0
13:56:23.517,0,0,0,0,0
13:56:24.026,0,0,0,0,0
13:56:24.026,1,0,0,0,0
13:56:24.540,1,0,0,0,0
13:56:24.540,0,0,0,0,0
13:56:25.040,0,0,0,0,0
13:56:25.040,1,0,0,0,0
13:56:25.571,1,0,0,0,0
13:56:25.571,0,0,0,0,0
13:56:26.082,0,0,0,0,0
13:56:26.082,1,0,0,0,0
13:56:26.583,1,0,0,0,0
13:56:26.583,0,0,0,0,0
13:56:27.095,0,0,0,0,0
13:56:27.095,1,0,0,0,0
13:56:27.609,1,0,0,0,0
13:56:27.609,0,0,0,0,0
13:56:28.113,0,0,0,0,0
13:56:28.113,1,0,0,0,0
13:56:28.616,1,0,0,0,0
13:56:28.616,0,0,0,0,0
13:56:29.128,0,0,0,0,0
13:56:29.128,1,0,0,0,0
13:56:29.628,1,0,0,0,0
13:56:29.628,0,0,0,0,0
13:56:30.140,0,0,0,0,0
13:56:30.140,1,0,0,0,0
13:56:30.642,1,0,0,0,0
13:56:30.642,0,0,0,0,0
13:56:31.152,0,0,0,0,0
13:56:31.152,1,0,0,0,0
13:56:31.665,1,0,0,0,0
13:56:31.665,0,0,0,0,0
13:56:32.168,0,0,0,0,0
13:56:32.168,1,0,0,0,0
13:56:32.675,1,0,0,0,0
13:56:32.675,0,0,0,0,0
13:56:33.189,0,0,0,0,0
13:56:33.189,1,0,0,0,0
13:56:33.729,1,0,0,0,0
13:56:33.729,0,0,0,0,0
13:56:34.242,0,0,0,0,0
13:56:34.242,1,0,0,0,0
13:56:34.755,1,0,0,0,0
13:56:34.755,0,0,0,0,0
13:56:35.265,0,0,0,0,0
13:56:35.265,1,0,0,0,0
13:56:35.778,1,0,0,0,0
13:56:35.778,0,0,0,0,0
13:56:36.282,0,0,0,0,0
13:56:36.282,1,0,0,0,0
13:56:36.794,1,0,0,0,0
13:56:36.794,0,0,0,0,0
13:56:37.303,0,0,0,0,0
13:56:37.303,1,0,0,0,0
13:56:37.818,1,0,0,0,0
13:56:37.818,0,0,0,0,0
13:56:38.330,0,0,0,0,0
13:56:38.330,1,0,0,0,0
13:56:38.832,1,0,0,0,0
13:56:38.832,0,0,0,0,0
13:56:39.389,0,0,0,0,0
13:56:39.389,1,0,0,0,0
13:56:39.899,1,0,0,0,0
13:56:39.899,0,0,0,0,0
13:56:40.292,1,0,0,0,0
13:56:40.292,0,0,0,0,0
14:15:09.189,0,0,0,0,0
14:15:09.189,1,0,0,0,0
14:15:09.694,1,0,0,0,0
14:15:09.694,0,0,0,0,0
14:15:10.194,0,0,0,0,0
14:15:10.194,1,0,0,0,0
14:15:10.706,1,0,0,0,0
14:15:10.706,0,0,0,0,0
14:15:11.217,0,0,0,0,0
14:15:11.217,1,0,0,0,0
14:15:11.730,1,0,0,0,0
14:15:11.730,0,0,0,0,0
14:15:12.250,0,0,0,0,0
14:15:12.250,1,0,0,0,0
14:15:12.759,1,0,0,0,0
14:15:12.759,0,0,0,0,0
14:15:13.268,0,0,0,0,0
14:15:13.268,1,0,0,0,0
14:15:13.779,1,0,0,0,0
14:15:13.779,0,0,0,0,0
14:15:14.295,0,0,0,0,0
14:15:14.295,1,0,0,0,0
14:15:14.796,1,0,0,0,0
14:15:14.796,0,0,0,0,0
14:15:15.298,0,0,0,0,0
14:15:15.298,1,0,0,0,0
14:15:15.800,1,0,0,0,0
14:15:15.800,0,0,0,0,0
14:15:16.304,0,0,0,0,0
14:15:16.304,1,0,0,0,0
14:15:16.805,1,0,0,0,0
14:15:16.805,0,0,0,0,0
14:15:17.317,0,0,0,0,0
14:15:17.317,1,0,0,0,0
14:15:17.819,1,0,0,0,0
14:15:17.819,0,0,0,0,0
14:15:18.327,0,0,0,0,0
14:15:18.327,1,0,0,0,0
14:15:18.838,1,0,0,0,0
14:15:18.838,0,0,0,0,0
14:15:19.338,0,0,0,0,0
14:15:19.338,1,0,0,0,0
14:15:19.851,1,0,0,0,0
14:15:19.851,0,0,0,0,0
14:15:20.355,0,0,0,0,0
14:15:20.355,1,0,0,0,0
14:15:20.413,1,0,0,0,0
14:15:20.413,0,0,0,0,0
14:15:20.475,0,0,0,0,0
14:15:20.475,1,0,0,0,0
14:15:20.538,1,0,0,0,0
14:15:20.538,0,0,0,0,0
14:15:20.600,0,0,0,0,0
14:15:20.600,1,0,0,0,0
14:15:20.710,1,0,0,0,0
14:15:20.710,0,0,0,0,0
14:15:20.819,0,0,0,0,0
14:15:20.819,1,0,0,0,0
14:15:20.928,1,0,0,0,0
14:15:20.928,0,0,0,0,0
14:15:21.417,0,0,0,0,0
14:15:21.417,1,0,0,0,0
14:15:22.426,1,0,0,0,0
14:15:22.426,0,0,0,0,0
14:15:23.435,0,0,0,0,0
14:15:23.435,1,0,0,0,0
14:15:24.447,1,0,0,0,0
14:15:24.447,0,0,0,0,0
14:15:25.461,0,0,0,0,0
14:15:25.461,1,0,0,0,0
14:15:26.470,1,0,0,0,0
14:15:26.470,0,0,0,0,0
14:15:27.482,0,0,0,0,0
14:15:27.482,1,0,0,0,0
14:15:28.487,1,0,0,0,0
14:15:28.487,0,0,0,0,0
14:15:29.500,0,0,0,0,0
14:15:29.500,1,0,0,0,0
14:15:29.561,1,0,0,0,0
14:15:29.561,0,0,0,0,0
14:15:29.625,0,0,0,0,0
14:15:29.625,1,0,0,0,0
14:15:29.688,1,0,0,0,0
14:15:29.688,0,0,0,0,0
14:15:29.750,0,0,0,0,0
14:15:29.750,1,0,0,0,0
14:15:29.813,1,0,0,0,0
14:15:29.813,0,0,0,0,0
14:15:29.868,0,0,0,0,0
14:15:29.868,1,0,0,0,0
14:15:29.922,1,0,0,0,0
14:15:29.922,0,0,0,0,0
14:15:29.984,0,0,0,0,0
14:15:29.984,1,0,0,0,0
14:15:30.046,1,0,0,0,0
14:15:30.046,0,0,0,0,0
14:15:30.108,0,0,0,0,0
14:15:30.108,1,0,0,0,0
14:15:30.180,1,0,0,0,0
14:15:30.180,0,0,0,0,0
14:15:30.684,0,0,0,0,0
14:15:30.684,1,0,0,0,0
14:15:30.907,1,0,0,0,0
14:15:30.907,0,0,0,0,0
14:15:34.540,1,0,0,0,0
14:15:34.540,0,0,0,0,0
14:24:33.891,0,0,0,0,0
14:24:33.891,1,0,0,0,0
14:24:34.399,1,0,0,0,0
14:24:34.399,0,0,0,0,0
14:24:34.912,0,0,0,0,0
14:24:34.912,1,0,0,0,0
14:24:35.416,1,0,0,0,0
14:24:35.416,0,0,0,0,0
14:24:35.931,0,0,0,0,0
14:24:35.931,1,0,0,0,0
14:24:36.432,1,0,0,0,0
14:24:36.432,0,0,0,0,0
14:24:36.948,0,0,0,0,0
14:24:36.948,1,0,0,0,0
14:24:37.462,1,0,0,0,0
14:24:37.462,0,0,0,0,0
14:24:37.974,0,0,0,0,0
14:24:37.974,1,0,0,0,0
14:24:38.479,1,0,0,0,0
14:24:38.479,0,0,0,0,0
14:24:38.983,0,0,0,0,0
14:24:38.983,1,0,0,0,0
14:24:39.502,1,0,0,0,0
14:24:39.502,0,0,0,0,0
14:24:40.014,0,0,0,0,0
14:24:40.014,1,0,0,0,0
14:24:40.513,1,0,0,0,0
14:24:40.513,0,0,0,0,0
14:24:41.015,0,0,0,0,0
14:24:41.015,1,0,0,0,0
14:24:41.516,1,0,0,0,0
14:24:41.516,0,0,0,0,0
14:24:41.535,1,0,0,0,0
14:24:41.535,0,0,0,0,0
14:38:36.790,0,0,0,0,0
14:38:36.790,1,0,0,0,0
14:38:37.299,1,0,0,0,0
14:38:37.299,0,0,0,0,0
14:38:37.814,0,0,0,0,0
14:38:37.814,1,0,0,0,0
14:38:38.328,1,0,0,0,0
14:38:38.328,0,0,0,0,0
14:38:38.831,0,0,0,0,0
14:38:38.831,1,0,0,0,0
14:38:39.347,1,0,0,0,0
14:38:39.347,0,0,0,0,0
14:38:39.849,0,0,0,0,0
14:38:39.849,1,0,0,0,0
14:38:40.047,1,0,0,0,0
14:38:40.047,0,0,0,0,0
14:38:46.032,0,0,0,0,0
14:38:46.032,1,0,0,0,0
14:38:46.541,1,0,0,0,0
14:38:46.541,0,0,0,0,0
14:38:47.042,0,0,0,0,0
14:38:47.042,1,0,0,0,0
14:38:47.560,1,0,0,0,0
14:38:47.560,0,0,0,0,0
14:38:48.065,0,0,0,0,0
14:38:48.065,1,0,0,0,0
14:38:48.079,1,0,0,0,0
14:38:48.079,0,0,0,0,0
14:39:02.635,0,0,0,0,0
14:39:02.635,1,0,0,0,0
14:39:03.136,1,0,0,0,0
14:39:03.136,0,0,0,0,0
14:39:03.650,0,0,0,0,0
14:39:03.650,1,0,0,0,0
14:39:04.164,1,0,0,0,0
14:39:04.164,0,0,0,0,0
14:39:04.677,0,0,0,0,0
14:39:04.677,1,0,0,0,0
14:39:04.945,1,0,0,0,0
14:39:04.945,1,1,0,0,0
14:39:05.178,1,1,0,0,0
14:39:05.178,0,1,0,0,0
14:39:05.460,0,1,0,0,0
14:39:05.460,0,0,0,0,0
14:39:05.679,0,0,0,0,0
14:39:05.679,1,0,0,0,0
14:39:05.963,1,0,0,0,0
14:39:05.963,1,1,0,0,0
14:39:06.194,1,1,0,0,0
14:39:06.194,0,1,0,0,0
14:39:06.466,0,1,0,0,0
14:39:06.466,0,0,0,0,0
14:39:06.710,0,0,0,0,0
14:39:06.710,1,0,0,0,0
14:39:06.972,1,0,0,0,0
14:39:06.972,1,1,0,0,0
14:39:07.222,1,1,0,0,0
14:39:07.222,0,1,0,0,0
14:39:07.487,0,1,0,0,0
14:39:07.487,0,0,0,0,0
14:39:07.723,0,0,0,0,0
14:39:07.723,1,0,0,0,0
14:39:08.000,1,0,0,0,0
14:39:08.000,1,1,0,0,0
14:39:08.235,1,1,0,0,0
14:39:08.235,0,1,0,0,0
14:39:08.515,0,1,0,0,0
14:39:08.515,0,0,0,0,0
14:39:08.750,0,0,0,0,0
14:39:08.750,1,0,0,0,0
14:39:09.020,1,0,0,0,0
14:39:09.020,1,1,0,0,0
14:39:09.251,1,1,0,0,0
14:39:09.251,0,1,0,0,0
14:39:09.533,0,1,0,0,0
14:39:09.533,0,0,0,0,0
14:39:09.752,0,0,0,0,0
14:39:09.752,1,0,0,0,0
14:39:10.046,1,0,0,0,0
14:39:10.046,1,1,0,0,0
14:39:10.262,1,1,0,0,0
14:39:10.262,0,1,0,0,0
14:39:10.556,0,1,0,0,0
14:39:10.556,0,0,0,0,0
14:39:10.774,0,0,0,0,0
14:39:10.774,1,0,0,0,0
14:39:11.069,1,0,0,0,0
14:39:11.069,1,1,0,0,0
14:39:11.278,1,1,0,0,0
14:39:11.278,0,1,0,0,0
14:39:11.591,0,1,0,0,0
14:39:11.591,0,0,0,0,0
14:39:11.794,0,0,0,0,0
14:39:11.794,1,0,0,0,0
14:39:12.102,1,0,0,0,0
14:39:12.102,1,1,0,0,0
14:39:12.201,1,1,0,0,0
14:39:12.201,1,0,0,0,0
14:39:12.297,1,0,0,0,0
14:39:12.297,0,0,0,0,0
14:39:12.827,0,0,0,0,0
14:39:12.827,1,0,0,0,0
14:39:13.332,1,0,0,0,0
14:39:13.332,0,0,0,0,0
14:39:13.833,0,0,0,0,0
14:39:13.833,1,0,0,0,0
14:39:14.347,1,0,0,0,0
14:39:14.347,0,0,0,0,0
14:39:14.849,0,0,0,0,0
14:39:14.849,1,0,0,0,0
14:39:15.363,1,0,0,0,0
14:39:15.363,0,0,0,0,0
14:39:15.864,0,0,0,0,0
14:39:15.864,1,0,0,0,0
14:39:16.375,1,0,0,0,0
14:39:16.375,0,0,0,0,0
14:39:16.880,0,0,0,0,0
14:39:16.880,1,0,0,0,0
14:39:17.385,1,0,0,0,0
14:39:17.385,0,0,0,0,0
14:39:17.897,0,0,0,0,0
14:39:17.897,1,0,0,0,0
14:39:18.411,1,0,0,0,0
14:39:18.411,0,0,0,0,0
14:39:18.921,0,0,0,0,0
14:39:18.921,1,0,0,0,0
14:39:19.433,1,0,0,0,0
14:39:19.433,0,0,0,0,0
14:39:19.947,0,0,0,0,0
14:39:19.947,1,0,0,0,0
14:39:20.459,1,0,0,0,0
14:39:20.459,0,0,0,0,0
14:39:21.113,0,0,0,0,0
14:39:21.113,1,0,0,0,0
14:39:21.625,1,0,0,0,0
14:39:21.625,0,0,0,0,0
